date,Afghanistan,Albania,Algeria,Argentina,Armenia,Australia,Austria,Azerbaijan,Bahrain,Bangladesh,Belarus,Belgium,Bolivia,Bosnia and Herzegovina,Brazil,Bulgaria,Cameroon,Canada,Chile,China,Colombia,Congo (Kinshasa),Costa Rica,Cote d'Ivoire,Croatia,Czechia,Denmark,Dominican Republic,Ecuador,Egypt,El Salvador,Ethiopia,Finland,France,Gabon,Germany,Ghana,Greece,Guatemala,Guinea,Honduras,Hungary,India,Indonesia,Iran,Iraq,Ireland,Israel,Italy,Japan,Kazakhstan,Kenya,"Korea, South",Kosovo,Kuwait,Kyrgyzstan,Lebanon,Libya,Madagascar,Malaysia,Maldives,Mexico,Moldova,Morocco,Namibia,Nepal,Netherlands,Nigeria,North Macedonia,Norway,Oman,Pakistan,Panama,Paraguay,Peru,Philippines,Poland,Portugal,Qatar,Romania,Russia,Saudi Arabia,Senegal,Serbia,Singapore,South Africa,Spain,Sudan,Sweden,Switzerland,Tajikistan,Turkey,US,Ukraine,United Arab Emirates,United Kingdom,Uzbekistan,Venezuela,West Bank and Gaza,Zambia
2020-01-22,0,0,0,0,0,0,0,0,0,0,0,0,0,0,0,0,0,0,0,17,0,0,0,0,0,0,0,0,0,0,0,0,0,0,0,0,0,0,0,0,0,0,0,0,0,0,0,0,0,0,0,0,0,0,0,0,0,0,0,0,0,0,0,0,0,0,0,0,0,0,0,0,0,0,0,0,0,0,0,0,0,0,0,0,0,0,0,0,0,0,0,0,0,0,0,0,0,0,0,0
2020-01-23,0,0,0,0,0,0,0,0,0,0,0,0,0,0,0,0,0,0,0,18,0,0,0,0,0,0,0,0,0,0,0,0,0,0,0,0,0,0,0,0,0,0,0,0,0,0,0,0,0,0,0,0,0,0,0,0,0,0,0,0,0,0,0,0,0,0,0,0,0,0,0,0,0,0,0,0,0,0,0,0,0,0,0,0,0,0,0,0,0,0,0,0,0,0,0,0,0,0,0,0
2020-01-24,0,0,0,0,0,0,0,0,0,0,0,0,0,0,0,0,0,0,0,26,0,0,0,0,0,0,0,0,0,0,0,0,0,0,0,0,0,0,0,0,0,0,0,0,0,0,0,0,0,0,0,0,0,0,0,0,0,0,0,0,0,0,0,0,0,0,0,0,0,0,0,0,0,0,0,0,0,0,0,0,0,0,0,0,0,0,0,0,0,0,0,0,0,0,0,0,0,0,0,0
2020-01-25,0,0,0,0,0,0,0,0,0,0,0,0,0,0,0,0,0,0,0,42,0,0,0,0,0,0,0,0,0,0,0,0,0,0,0,0,0,0,0,0,0,0,0,0,0,0,0,0,0,0,0,0,0,0,0,0,0,0,0,0,0,0,0,0,0,0,0,0,0,0,0,0,0,0,0,0,0,0,0,0,0,0,0,0,0,0,0,0,0,0,0,0,0,0,0,0,0,0,0,0
2020-01-26,0,0,0,0,0,0,0,0,0,0,0,0,0,0,0,0,0,0,0,56,0,0,0,0,0,0,0,0,0,0,0,0,0,0,0,0,0,0,0,0,0,0,0,0,0,0,0,0,0,0,0,0,0,0,0,0,0,0,0,0,0,0,0,0,0,0,0,0,0,0,0,0,0,0,0,0,0,0,0,0,0,0,0,0,0,0,0,0,0,0,0,0,0,0,0,0,0,0,0,0
2020-01-27,0,0,0,0,0,0,0,0,0,0,0,0,0,0,0,0,0,0,0,82,0,0,0,0,0,0,0,0,0,0,0,0,0,0,0,0,0,0,0,0,0,0,0,0,0,0,0,0,0,0,0,0,0,0,0,0,0,0,0,0,0,0,0,0,0,0,0,0,0,0,0,0,0,0,0,0,0,0,0,0,0,0,0,0,0,0,0,0,0,0,0,0,0,0,0,0,0,0,0,0
2020-01-28,0,0,0,0,0,0,0,0,0,0,0,0,0,0,0,0,0,0,0,131,0,0,0,0,0,0,0,0,0,0,0,0,0,0,0,0,0,0,0,0,0,0,0,0,0,0,0,0,0,0,0,0,0,0,0,0,0,0,0,0,0,0,0,0,0,0,0,0,0,0,0,0,0,0,0,0,0,0,0,0,0,0,0,0,0,0,0,0,0,0,0,0,0,0,0,0,0,0,0,0
2020-01-29,0,0,0,0,0,0,0,0,0,0,0,0,0,0,0,0,0,0,0,133,0,0,0,0,0,0,0,0,0,0,0,0,0,0,0,0,0,0,0,0,0,0,0,0,0,0,0,0,0,0,0,0,0,0,0,0,0,0,0,0,0,0,0,0,0,0,0,0,0,0,0,0,0,0,0,0,0,0,0,0,0,0,0,0,0,0,0,0,0,0,0,0,0,0,0,0,0,0,0,0
2020-01-30,0,0,0,0,0,0,0,0,0,0,0,0,0,0,0,0,0,0,0,171,0,0,0,0,0,0,0,0,0,0,0,0,0,0,0,0,0,0,0,0,0,0,0,0,0,0,0,0,0,0,0,0,0,0,0,0,0,0,0,0,0,0,0,0,0,0,0,0,0,0,0,0,0,0,0,0,0,0,0,0,0,0,0,0,0,0,0,0,0,0,0,0,0,0,0,0,0,0,0,0
2020-01-31,0,0,0,0,0,0,0,0,0,0,0,0,0,0,0,0,0,0,0,213,0,0,0,0,0,0,0,0,0,0,0,0,0,0,0,0,0,0,0,0,0,0,0,0,0,0,0,0,0,0,0,0,0,0,0,0,0,0,0,0,0,0,0,0,0,0,0,0,0,0,0,0,0,0,0,0,0,0,0,0,0,0,0,0,0,0,0,0,0,0,0,0,0,0,0,0,0,0,0,0
2020-02-01,0,0,0,0,0,0,0,0,0,0,0,0,0,0,0,0,0,0,0,259,0,0,0,0,0,0,0,0,0,0,0,0,0,0,0,0,0,0,0,0,0,0,0,0,0,0,0,0,0,0,0,0,0,0,0,0,0,0,0,0,0,0,0,0,0,0,0,0,0,0,0,0,0,0,0,0,0,0,0,0,0,0,0,0,0,0,0,0,0,0,0,0,0,0,0,0,0,0,0,0
2020-02-02,0,0,0,0,0,0,0,0,0,0,0,0,0,0,0,0,0,0,0,361,0,0,0,0,0,0,0,0,0,0,0,0,0,0,0,0,0,0,0,0,0,0,0,0,0,0,0,0,0,0,0,0,0,0,0,0,0,0,0,0,0,0,0,0,0,0,0,0,0,0,0,0,0,0,0,1,0,0,0,0,0,0,0,0,0,0,0,0,0,0,0,0,0,0,0,0,0,0,0,0
2020-02-03,0,0,0,0,0,0,0,0,0,0,0,0,0,0,0,0,0,0,0,425,0,0,0,0,0,0,0,0,0,0,0,0,0,0,0,0,0,0,0,0,0,0,0,0,0,0,0,0,0,0,0,0,0,0,0,0,0,0,0,0,0,0,0,0,0,0,0,0,0,0,0,0,0,0,0,1,0,0,0,0,0,0,0,0,0,0,0,0,0,0,0,0,0,0,0,0,0,0,0,0
2020-02-04,0,0,0,0,0,0,0,0,0,0,0,0,0,0,0,0,0,0,0,491,0,0,0,0,0,0,0,0,0,0,0,0,0,0,0,0,0,0,0,0,0,0,0,0,0,0,0,0,0,0,0,0,0,0,0,0,0,0,0,0,0,0,0,0,0,0,0,0,0,0,0,0,0,0,0,1,0,0,0,0,0,0,0,0,0,0,0,0,0,0,0,0,0,0,0,0,0,0,0,0
2020-02-05,0,0,0,0,0,0,0,0,0,0,0,0,0,0,0,0,0,0,0,563,0,0,0,0,0,0,0,0,0,0,0,0,0,0,0,0,0,0,0,0,0,0,0,0,0,0,0,0,0,0,0,0,0,0,0,0,0,0,0,0,0,0,0,0,0,0,0,0,0,0,0,0,0,0,0,1,0,0,0,0,0,0,0,0,0,0,0,0,0,0,0,0,0,0,0,0,0,0,0,0
2020-02-06,0,0,0,0,0,0,0,0,0,0,0,0,0,0,0,0,0,0,0,633,0,0,0,0,0,0,0,0,0,0,0,0,0,0,0,0,0,0,0,0,0,0,0,0,0,0,0,0,0,0,0,0,0,0,0,0,0,0,0,0,0,0,0,0,0,0,0,0,0,0,0,0,0,0,0,1,0,0,0,0,0,0,0,0,0,0,0,0,0,0,0,0,0,0,0,0,0,0,0,0
2020-02-07,0,0,0,0,0,0,0,0,0,0,0,0,0,0,0,0,0,0,0,718,0,0,0,0,0,0,0,0,0,0,0,0,0,0,0,0,0,0,0,0,0,0,0,0,0,0,0,0,0,0,0,0,0,0,0,0,0,0,0,0,0,0,0,0,0,0,0,0,0,0,0,0,0,0,0,1,0,0,0,0,0,0,0,0,0,0,0,0,0,0,0,0,0,0,0,0,0,0,0,0
2020-02-08,0,0,0,0,0,0,0,0,0,0,0,0,0,0,0,0,0,0,0,805,0,0,0,0,0,0,0,0,0,0,0,0,0,0,0,0,0,0,0,0,0,0,0,0,0,0,0,0,0,0,0,0,0,0,0,0,0,0,0,0,0,0,0,0,0,0,0,0,0,0,0,0,0,0,0,1,0,0,0,0,0,0,0,0,0,0,0,0,0,0,0,0,0,0,0,0,0,0,0,0
2020-02-09,0,0,0,0,0,0,0,0,0,0,0,0,0,0,0,0,0,0,0,905,0,0,0,0,0,0,0,0,0,0,0,0,0,0,0,0,0,0,0,0,0,0,0,0,0,0,0,0,0,0,0,0,0,0,0,0,0,0,0,0,0,0,0,0,0,0,0,0,0,0,0,0,0,0,0,1,0,0,0,0,0,0,0,0,0,0,0,0,0,0,0,0,0,0,0,0,0,0,0,0
2020-02-10,0,0,0,0,0,0,0,0,0,0,0,0,0,0,0,0,0,0,0,1012,0,0,0,0,0,0,0,0,0,0,0,0,0,0,0,0,0,0,0,0,0,0,0,0,0,0,0,0,0,0,0,0,0,0,0,0,0,0,0,0,0,0,0,0,0,0,0,0,0,0,0,0,0,0,0,1,0,0,0,0,0,0,0,0,0,0,0,0,0,0,0,0,0,0,0,0,0,0,0,0
2020-02-11,0,0,0,0,0,0,0,0,0,0,0,0,0,0,0,0,0,0,0,1112,0,0,0,0,0,0,0,0,0,0,0,0,0,0,0,0,0,0,0,0,0,0,0,0,0,0,0,0,0,0,0,0,0,0,0,0,0,0,0,0,0,0,0,0,0,0,0,0,0,0,0,0,0,0,0,1,0,0,0,0,0,0,0,0,0,0,0,0,0,0,0,0,0,0,0,0,0,0,0,0
2020-02-12,0,0,0,0,0,0,0,0,0,0,0,0,0,0,0,0,0,0,0,1117,0,0,0,0,0,0,0,0,0,0,0,0,0,0,0,0,0,0,0,0,0,0,0,0,0,0,0,0,0,0,0,0,0,0,0,0,0,0,0,0,0,0,0,0,0,0,0,0,0,0,0,0,0,0,0,1,0,0,0,0,0,0,0,0,0,0,0,0,0,0,0,0,0,0,0,0,0,0,0,0
2020-02-13,0,0,0,0,0,0,0,0,0,0,0,0,0,0,0,0,0,0,0,1369,0,0,0,0,0,0,0,0,0,0,0,0,0,0,0,0,0,0,0,0,0,0,0,0,0,0,0,0,0,1,0,0,0,0,0,0,0,0,0,0,0,0,0,0,0,0,0,0,0,0,0,0,0,0,0,1,0,0,0,0,0,0,0,0,0,0,0,0,0,0,0,0,0,0,0,0,0,0,0,0
2020-02-14,0,0,0,0,0,0,0,0,0,0,0,0,0,0,0,0,0,0,0,1521,0,0,0,0,0,0,0,0,0,0,0,0,0,0,0,0,0,0,0,0,0,0,0,0,0,0,0,0,0,1,0,0,0,0,0,0,0,0,0,0,0,0,0,0,0,0,0,0,0,0,0,0,0,0,0,1,0,0,0,0,0,0,0,0,0,0,0,0,0,0,0,0,0,0,0,0,0,0,0,0
2020-02-15,0,0,0,0,0,0,0,0,0,0,0,0,0,0,0,0,0,0,0,1663,0,0,0,0,0,0,0,0,0,0,0,0,0,1,0,0,0,0,0,0,0,0,0,0,0,0,0,0,0,1,0,0,0,0,0,0,0,0,0,0,0,0,0,0,0,0,0,0,0,0,0,0,0,0,0,1,0,0,0,0,0,0,0,0,0,0,0,0,0,0,0,0,0,0,0,0,0,0,0,0
2020-02-16,0,0,0,0,0,0,0,0,0,0,0,0,0,0,0,0,0,0,0,1766,0,0,0,0,0,0,0,0,0,0,0,0,0,1,0,0,0,0,0,0,0,0,0,0,0,0,0,0,0,1,0,0,0,0,0,0,0,0,0,0,0,0,0,0,0,0,0,0,0,0,0,0,0,0,0,1,0,0,0,0,0,0,0,0,0,0,0,0,0,0,0,0,0,0,0,0,0,0,0,0
2020-02-17,0,0,0,0,0,0,0,0,0,0,0,0,0,0,0,0,0,0,0,1864,0,0,0,0,0,0,0,0,0,0,0,0,0,1,0,0,0,0,0,0,0,0,0,0,0,0,0,0,0,1,0,0,0,0,0,0,0,0,0,0,0,0,0,0,0,0,0,0,0,0,0,0,0,0,0,1,0,0,0,0,0,0,0,0,0,0,0,0,0,0,0,0,0,0,0,0,0,0,0,0
2020-02-18,0,0,0,0,0,0,0,0,0,0,0,0,0,0,0,0,0,0,0,2003,0,0,0,0,0,0,0,0,0,0,0,0,0,1,0,0,0,0,0,0,0,0,0,0,0,0,0,0,0,2,0,0,0,0,0,0,0,0,0,0,0,0,0,0,0,0,0,0,0,0,0,0,0,0,0,1,0,0,0,0,0,0,0,0,0,0,0,0,0,0,0,0,0,0,0,0,0,0,0,0
2020-02-19,0,0,0,0,0,0,0,0,0,0,0,0,0,0,0,0,0,0,0,2116,0,0,0,0,0,0,0,0,0,0,0,0,0,1,0,0,0,0,0,0,0,0,0,0,2,0,0,0,0,2,0,0,0,0,0,0,0,0,0,0,0,0,0,0,0,0,0,0,0,0,0,0,0,0,0,1,0,0,0,0,0,0,0,0,0,0,0,0,0,0,0,0,0,0,0,0,0,0,0,0
2020-02-20,0,0,0,0,0,0,0,0,0,0,0,0,0,0,0,0,0,0,0,2238,0,0,0,0,0,0,0,0,0,0,0,0,0,1,0,0,0,0,0,0,0,0,0,0,2,0,0,0,0,2,0,0,1,0,0,0,0,0,0,0,0,0,0,0,0,0,0,0,0,0,0,0,0,0,0,1,0,0,0,0,0,0,0,0,0,0,0,0,0,0,0,0,0,0,0,0,0,0,0,0
2020-02-21,0,0,0,0,0,0,0,0,0,0,0,0,0,0,0,0,0,0,0,2238,0,0,0,0,0,0,0,0,0,0,0,0,0,1,0,0,0,0,0,0,0,0,0,0,4,0,0,0,1,2,0,0,2,0,0,0,0,0,0,0,0,0,0,0,0,0,0,0,0,0,0,0,0,0,0,1,0,0,0,0,0,0,0,0,0,0,0,0,0,0,0,0,0,0,0,0,0,0,0,0
2020-02-22,0,0,0,0,0,0,0,0,0,0,0,0,0,0,0,0,0,0,0,2443,0,0,0,0,0,0,0,0,0,0,0,0,0,1,0,0,0,0,0,0,0,0,0,0,5,0,0,0,2,2,0,0,2,0,0,0,0,0,0,0,0,0,0,0,0,0,0,0,0,0,0,0,0,0,0,1,0,0,0,0,0,0,0,0,0,0,0,0,0,0,0,0,0,0,0,0,0,0,0,0
2020-02-23,0,0,0,0,0,0,0,0,0,0,0,0,0,0,0,0,0,0,0,2445,0,0,0,0,0,0,0,0,0,0,0,0,0,1,0,0,0,0,0,0,0,0,0,0,8,0,0,0,3,2,0,0,6,0,0,0,0,0,0,0,0,0,0,0,0,0,0,0,0,0,0,0,0,0,0,1,0,0,0,0,0,0,0,0,0,0,0,0,0,0,0,0,0,0,0,0,0,0,0,0
2020-02-24,0,0,0,0,0,0,0,0,0,0,0,0,0,0,0,0,0,0,0,2595,0,0,0,0,0,0,0,0,0,0,0,0,0,1,0,0,0,0,0,0,0,0,0,0,12,0,0,0,7,2,0,0,8,0,0,0,0,0,0,0,0,0,0,0,0,0,0,0,0,0,0,0,0,0,0,1,0,0,0,0,0,0,0,0,0,0,0,0,0,0,0,0,0,0,0,0,0,0,0,0
2020-02-25,0,0,0,0,0,0,0,0,0,0,0,0,0,0,0,0,0,0,0,2665,0,0,0,0,0,0,0,0,0,0,0,0,0,1,0,0,0,0,0,0,0,0,0,0,16,0,0,0,10,3,0,0,10,0,0,0,0,0,0,0,0,0,0,0,0,0,0,0,0,0,0,0,0,0,0,1,0,0,0,0,0,0,0,0,0,0,0,0,0,0,0,0,0,0,0,0,0,0,0,0
2020-02-26,0,0,0,0,0,0,0,0,0,0,0,0,0,0,0,0,0,0,0,2717,0,0,0,0,0,0,0,0,0,0,0,0,0,2,0,0,0,0,0,0,0,0,0,0,19,0,0,0,12,3,0,0,12,0,0,0,0,0,0,0,0,0,0,0,0,0,0,0,0,0,0,0,0,0,0,1,0,0,0,0,0,0,0,0,0,0,0,0,0,0,0,0,0,0,0,0,0,0,0,0
2020-02-27,0,0,0,0,0,0,0,0,0,0,0,0,0,0,0,0,0,0,0,2746,0,0,0,0,0,0,0,0,0,0,0,0,0,2,0,0,0,0,0,0,0,0,0,0,26,0,0,0,17,4,0,0,13,0,0,0,0,0,0,0,0,0,0,0,0,0,0,0,0,0,0,0,0,0,0,1,0,0,0,0,0,0,0,0,0,0,0,0,0,0,0,0,0,0,0,0,0,0,0,0
2020-02-28,0,0,0,0,0,0,0,0,0,0,0,0,0,0,0,0,0,0,0,2790,0,0,0,0,0,0,0,0,0,0,0,0,0,2,0,0,0,0,0,0,0,0,0,0,34,0,0,0,21,5,0,0,13,0,0,0,0,0,0,0,0,0,0,0,0,0,0,0,0,0,0,0,0,0,0,1,0,0,0,0,0,0,0,0,0,0,0,0,0,0,0,0,0,0,0,0,0,0,0,0
2020-02-29,0,0,0,0,0,0,0,0,0,0,0,0,0,0,0,0,0,0,0,2837,0,0,0,0,0,0,0,0,0,0,0,0,0,2,0,0,0,0,0,0,0,0,0,0,43,0,0,0,29,6,0,0,16,0,0,0,0,0,0,0,0,0,0,0,0,0,0,0,0,0,0,0,0,0,0,1,0,0,0,0,0,0,0,0,0,0,0,0,0,0,0,0,1,0,0,0,0,0,0,0
2020-03-01,0,0,0,0,0,1,0,0,0,0,0,0,0,0,0,0,0,0,0,2872,0,0,0,0,0,0,0,0,0,0,0,0,0,2,0,0,0,0,0,0,0,0,0,0,54,0,0,0,34,6,0,0,17,0,0,0,0,0,0,0,0,0,0,0,0,0,0,0,0,0,0,0,0,0,0,1,0,0,0,0,0,0,0,0,0,0,0,0,0,0,0,0,1,0,0,0,0,0,0,0
2020-03-02,0,0,0,0,0,1,0,0,0,0,0,0,0,0,0,0,0,0,0,2914,0,0,0,0,0,0,0,0,0,0,0,0,0,3,0,0,0,0,0,0,0,0,0,0,66,0,0,0,52,6,0,0,28,0,0,0,0,0,0,0,0,0,0,0,0,0,0,0,0,0,0,0,0,0,0,1,0,0,0,0,0,0,0,0,0,0,0,0,0,0,0,0,6,0,0,0,0,0,0,0
2020-03-03,0,0,0,0,0,1,0,0,0,0,0,0,0,0,0,0,0,0,0,2947,0,0,0,0,0,0,0,0,0,0,0,0,0,4,0,0,0,0,0,0,0,0,0,0,77,0,0,0,79,6,0,0,28,0,0,0,0,0,0,0,0,0,0,0,0,0,0,0,0,0,0,0,0,0,0,1,0,0,0,0,0,0,0,0,0,0,1,0,0,0,0,0,7,0,0,0,0,0,0,0
2020-03-04,0,0,0,0,0,2,0,0,0,0,0,0,0,0,0,0,0,0,0,2983,0,0,0,0,0,0,0,0,0,0,0,0,0,4,0,0,0,0,0,0,0,0,0,0,92,2,0,0,107,7,0,0,35,0,0,0,0,0,0,0,0,0,0,0,0,0,0,0,0,0,0,0,0,0,0,1,0,0,0,0,0,0,0,0,0,0,2,0,0,0,0,0,11,0,0,0,0,0,0,0
2020-03-05,0,0,0,0,0,2,0,0,0,0,0,0,0,0,0,0,0,0,0,3015,0,0,0,0,0,0,0,0,0,0,0,0,0,6,0,0,0,0,0,0,0,0,0,0,107,2,0,0,148,7,0,0,35,0,0,0,0,0,0,0,0,0,0,0,0,0,0,0,0,0,0,0,0,0,0,1,0,0,0,0,0,0,0,0,0,0,3,0,0,1,0,0,12,0,0,0,0,0,0,0
2020-03-06,0,0,0,0,0,2,0,0,0,0,0,0,0,0,0,0,0,0,0,3044,0,0,0,0,0,0,0,0,0,0,0,0,0,9,0,0,0,0,0,0,0,0,0,0,124,3,0,0,197,7,0,0,42,0,0,0,0,0,0,0,0,0,0,0,0,0,1,0,0,0,0,0,0,0,0,1,0,0,0,0,0,0,0,0,0,0,5,0,0,1,0,0,14,0,0,1,0,0,0,0
2020-03-07,0,0,0,0,0,2,0,0,0,0,0,0,0,0,0,0,0,0,0,3072,0,0,0,0,0,0,0,0,0,0,0,0,0,11,0,0,0,0,0,0,0,0,0,0,145,4,0,0,233,7,0,0,44,0,0,0,0,0,0,0,0,0,0,0,0,0,1,0,0,0,0,0,0,0,0,1,0,0,0,0,0,0,0,0,0,0,10,0,0,1,0,0,17,0,0,2,0,0,0,0
2020-03-08,0,0,0,1,0,3,0,0,0,0,0,0,0,0,0,0,0,0,0,3100,0,0,0,0,0,0,0,0,0,1,0,0,0,19,0,0,0,0,0,0,0,0,0,0,194,6,0,0,366,8,0,0,50,0,0,0,0,0,0,0,0,0,0,0,0,0,3,0,0,0,0,0,0,0,0,1,0,0,0,0,0,0,0,0,0,0,17,0,0,2,0,0,21,0,0,2,0,0,0,0
2020-03-09,0,0,0,1,0,3,0,0,0,0,0,0,0,0,0,0,0,1,0,3123,0,0,0,0,0,0,0,0,0,1,0,0,0,19,0,2,0,0,0,0,0,0,0,0,237,6,0,0,463,10,0,0,53,0,0,0,0,0,0,0,0,0,0,0,0,0,3,0,0,0,0,0,0,0,0,1,0,0,0,0,0,0,0,0,0,0,28,0,0,2,0,0,22,0,0,3,0,0,0,0
2020-03-10,0,0,0,1,0,3,0,0,0,0,0,0,0,0,0,0,0,1,0,3139,0,0,0,0,0,0,0,0,0,1,0,0,0,33,0,2,0,0,0,0,0,0,0,0,291,7,0,0,631,13,0,0,54,0,0,0,1,0,0,0,0,0,0,1,0,0,4,0,0,0,0,0,0,0,0,1,0,0,0,0,0,0,0,0,0,0,35,0,1,3,0,0,28,0,0,7,0,0,0,0
2020-03-11,0,1,0,1,0,3,0,0,0,0,0,3,0,0,0,1,0,1,0,3161,0,0,0,0,0,0,0,0,0,1,0,0,0,48,0,3,0,1,0,0,0,0,1,1,354,7,1,0,827,15,0,0,60,0,0,0,3,0,0,0,0,0,0,1,0,0,5,0,0,0,0,0,1,0,0,1,0,0,0,0,0,0,0,0,0,0,54,0,1,4,0,0,33,0,0,7,0,0,0,0
2020-03-12,0,1,1,1,0,3,1,0,0,0,0,3,0,0,0,1,0,1,0,3172,0,0,0,0,0,0,0,0,0,1,0,0,0,48,0,3,0,1,0,0,0,0,1,1,429,8,1,0,1016,19,0,0,66,0,0,0,3,0,0,0,0,0,0,1,0,0,5,0,0,0,0,0,1,0,0,2,1,0,0,0,0,0,0,0,0,0,55,0,2,4,0,0,43,0,0,9,0,0,0,0
2020-03-13,0,1,2,2,0,3,1,1,0,0,0,3,0,0,0,1,0,1,0,3180,0,0,0,0,0,0,0,0,0,2,0,0,0,79,0,7,0,1,0,0,0,0,2,4,514,9,1,0,1266,21,0,0,66,0,0,0,3,0,0,0,0,0,0,1,0,0,10,0,0,0,0,0,1,0,0,5,2,0,0,0,0,0,0,0,0,0,133,1,3,11,0,0,51,1,0,10,0,0,0,0
2020-03-14,0,1,3,2,0,3,1,1,0,0,0,4,0,0,0,2,0,1,0,3193,0,0,0,0,0,0,1,0,2,2,0,0,0,91,0,9,0,3,0,0,0,0,2,5,611,10,2,0,1441,22,0,0,72,0,0,0,3,0,0,0,0,0,0,1,0,0,12,0,0,3,0,0,1,0,0,8,3,0,0,0,0,0,0,0,0,0,195,1,5,13,0,0,58,1,0,29,0,0,0,0
2020-03-15,0,1,4,2,0,3,1,1,0,0,0,4,0,0,0,2,0,1,0,3203,0,0,0,0,0,0,2,0,2,2,0,0,0,91,0,11,0,4,0,0,0,1,2,5,724,10,2,0,1809,24,0,0,75,0,0,0,3,0,0,0,0,0,0,1,0,0,20,0,0,3,0,0,1,0,0,11,3,0,0,0,0,0,0,0,0,0,289,1,7,14,0,0,70,1,0,43,0,0,0,0
2020-03-16,0,1,4,2,0,3,3,1,1,0,0,5,0,0,0,2,0,4,0,3217,0,0,0,0,0,0,3,0,2,2,0,0,0,149,0,17,0,4,1,0,0,1,2,5,853,10,2,0,2158,30,0,0,75,0,0,0,3,0,0,0,0,0,0,1,0,0,24,0,0,3,0,0,1,0,0,12,4,0,0,0,0,0,0,0,0,0,342,1,8,14,0,0,97,1,0,66,0,0,0,0
2020-03-17,0,1,4,2,0,5,3,1,1,0,0,10,0,0,1,2,0,5,0,3230,0,0,0,0,0,0,4,1,2,4,0,0,0,149,0,24,0,5,1,0,0,1,3,5,988,11,2,0,2503,30,0,0,81,0,0,0,3,0,0,2,0,0,0,2,0,0,43,0,0,3,0,0,1,0,0,12,5,1,0,0,0,0,0,0,0,0,533,1,14,27,0,1,132,2,0,83,0,0,0,0
2020-03-18,0,2,7,2,0,6,4,1,1,1,0,14,0,0,3,2,0,8,0,3241,0,0,0,0,0,0,4,1,2,6,0,0,0,149,0,28,0,5,1,0,0,1,3,19,1135,12,2,0,2978,32,0,0,84,0,0,0,3,0,0,2,0,0,1,2,0,0,58,0,0,6,0,2,1,0,0,19,5,2,0,0,0,0,0,0,0,0,623,1,21,28,0,1,191,2,0,117,0,0,0,0
2020-03-19,0,2,9,3,0,6,6,1,1,1,0,21,0,0,6,3,0,9,0,3249,0,0,1,0,1,0,6,2,3,6,0,0,0,244,0,44,0,6,1,0,0,1,4,25,1284,13,3,0,3405,33,0,0,91,0,0,0,4,0,0,2,0,1,1,2,0,0,77,0,0,7,0,3,1,0,0,17,5,3,0,0,1,0,0,0,0,0,830,1,30,41,0,3,265,2,0,163,0,0,0,0
2020-03-20,0,2,11,3,0,7,6,1,1,1,0,37,0,0,11,3,0,12,0,3253,0,0,1,0,1,0,9,2,5,8,0,0,0,451,1,67,0,6,1,0,0,3,5,32,1433,17,3,0,4032,34,3,0,94,0,0,0,4,0,0,3,0,2,1,3,0,0,107,0,0,7,0,3,1,0,3,18,5,6,0,0,1,0,0,1,0,0,1043,1,38,54,0,4,364,3,2,195,0,0,0,0
2020-03-21,0,2,15,4,0,7,8,1,1,2,0,67,0,1,15,3,0,19,0,3259,0,1,2,0,1,0,13,2,7,10,0,0,1,563,1,84,1,13,1,0,0,4,4,38,1556,17,3,1,4825,36,0,0,102,0,0,0,4,0,0,4,0,2,1,3,0,0,137,0,0,7,0,5,1,1,5,19,5,12,0,0,1,0,0,1,2,0,1375,1,49,75,0,9,463,3,2,253,0,0,0,0
2020-03-22,1,2,17,4,0,7,16,1,2,2,0,75,0,1,25,3,0,21,1,3274,2,1,2,0,1,1,13,3,14,14,0,0,1,676,1,94,1,15,1,0,0,6,7,48,1685,20,4,1,5476,40,0,0,111,0,0,0,4,0,0,10,0,3,1,4,0,0,180,0,1,7,0,6,3,1,5,25,7,14,0,3,1,0,0,2,2,0,1772,1,60,98,0,30,573,3,2,289,0,0,0,0
2020-03-23,1,4,17,4,0,7,21,1,2,3,0,88,0,1,34,3,0,25,2,3274,3,1,2,0,1,1,24,3,18,19,0,0,1,862,1,123,2,17,1,0,0,7,10,49,1812,23,6,1,6077,41,0,0,111,1,0,0,4,0,0,14,0,4,1,4,0,0,214,1,2,10,0,7,6,1,5,33,8,23,0,7,1,0,0,3,2,0,2311,1,81,120,0,37,762,3,2,365,0,0,0,0
2020-03-24,1,5,19,6,0,8,28,1,3,4,0,122,0,3,46,3,0,26,2,3281,3,2,2,0,1,3,32,6,27,20,0,0,1,1102,1,157,2,20,1,0,0,9,10,55,1934,27,7,3,6820,42,0,0,120,1,0,0,4,0,0,16,0,5,1,5,0,0,277,1,2,12,0,8,6,2,7,35,10,33,0,11,1,1,0,3,2,0,2808,1,103,122,0,44,1001,3,2,513,0,0,0,0
2020-03-25,2,5,21,8,0,8,30,2,4,5,0,178,0,3,59,3,1,30,3,3285,4,2,2,0,1,6,34,10,28,21,0,0,3,1333,1,206,4,22,1,0,0,10,12,58,2077,29,9,5,7503,45,0,0,126,1,0,0,6,0,0,20,0,6,1,6,0,0,357,1,3,14,0,9,8,3,9,38,14,43,0,17,3,2,0,4,2,0,3647,1,134,153,0,59,1325,5,2,704,0,0,0,0
2020-03-26,4,6,25,9,1,13,49,3,4,5,0,220,0,3,77,3,1,38,4,3291,6,3,2,0,3,9,41,10,34,24,0,0,5,1698,1,267,4,26,1,0,1,10,20,78,2234,36,19,8,8215,47,1,1,131,1,0,0,6,0,0,23,0,8,1,11,0,0,435,1,3,14,0,11,8,3,9,45,16,60,0,23,3,3,0,1,2,0,4365,1,166,191,0,75,1733,5,2,886,0,0,1,0
2020-03-27,4,8,26,13,1,13,58,3,4,5,0,289,0,4,92,3,2,54,5,3296,6,3,2,0,3,9,52,20,36,30,0,0,7,1997,1,342,4,28,1,0,1,10,20,87,2378,40,22,12,9134,53,1,1,139,1,0,0,8,0,0,26,0,12,2,23,0,0,547,1,3,19,0,12,9,3,11,54,16,76,0,26,4,3,0,1,2,1,5138,1,201,231,0,92,2253,5,2,1174,1,1,1,0
2020-03-28,4,10,29,18,1,14,68,4,4,5,0,353,0,5,111,7,2,61,6,3299,6,6,2,0,5,11,65,28,48,36,0,0,9,2317,1,433,5,32,1,0,1,11,24,102,2517,42,36,12,10023,56,1,1,144,1,0,0,8,0,0,27,0,16,2,25,0,0,640,1,4,23,0,14,14,3,16,68,18,100,1,37,4,4,0,10,2,1,5982,1,239,264,0,108,2886,9,2,1466,2,2,1,0
2020-03-29,4,10,31,19,3,16,86,4,4,5,0,431,1,6,136,8,6,64,7,3304,10,6,2,1,6,16,72,39,58,40,0,0,11,2611,1,533,5,38,1,0,3,13,27,114,2640,42,46,15,10779,63,1,1,152,1,0,0,10,0,0,35,0,20,2,26,0,0,772,1,6,25,0,21,17,3,18,71,22,119,1,43,8,8,0,13,3,2,6803,1,284,300,0,131,3472,10,3,1679,2,2,1,0
2020-03-30,4,11,35,23,3,17,108,4,4,5,0,513,4,10,159,8,6,80,8,3308,12,8,2,1,6,23,77,42,60,41,0,0,13,3030,1,645,5,43,1,0,7,15,32,122,2757,46,54,16,11591,65,1,1,158,1,0,0,11,0,0,37,0,28,2,33,0,0,865,2,7,32,0,26,24,3,24,78,31,140,1,65,9,8,0,16,3,3,7716,2,332,359,0,168,4164,13,5,2053,2,3,1,0
2020-03-31,4,15,44,27,3,18,128,5,4,5,1,705,6,13,201,8,6,101,12,3309,16,8,2,1,6,31,90,51,75,46,1,0,17,3532,1,775,5,49,1,0,7,16,35,136,2898,50,71,20,12428,67,2,1,162,1,0,0,12,0,0,43,0,29,4,36,0,0,1040,2,9,39,1,27,30,3,30,88,33,160,2,82,17,10,0,16,3,5,8464,2,385,433,0,214,5249,17,6,2457,2,3,1,0
2020-04-01,4,15,58,28,4,20,146,5,4,6,2,828,7,13,240,10,6,109,16,3316,17,9,2,1,6,39,104,57,93,52,1,0,17,4414,1,920,5,50,1,0,10,20,58,157,3036,52,85,26,13155,72,3,1,165,1,0,0,14,0,0,45,0,37,5,39,0,0,1175,2,11,44,1,34,30,3,38,96,43,187,2,92,24,16,1,28,3,5,9387,2,455,488,0,277,6421,20,8,3130,2,3,1,0
2020-04-02,6,16,86,36,7,24,158,5,4,6,4,1011,8,16,324,10,7,139,18,3322,19,13,2,1,7,44,123,60,120,58,2,0,19,5398,1,1107,5,53,1,0,14,21,72,170,3160,54,98,36,13915,75,3,3,169,1,0,0,16,1,0,50,0,50,6,44,0,0,1341,2,11,50,1,40,32,3,55,107,57,209,3,115,30,21,1,31,4,5,10348,2,535,536,0,356,7924,22,8,3787,2,5,1,1
2020-04-03,6,17,105,39,7,28,168,5,4,6,4,1143,9,17,359,14,8,179,22,3326,25,13,2,1,8,53,139,68,145,66,2,0,20,6520,1,1275,5,63,1,0,15,26,72,181,3294,54,120,40,14681,81,6,4,174,1,0,1,17,1,0,53,0,60,8,48,0,0,1490,4,12,59,1,41,37,3,61,136,71,246,3,133,34,25,1,39,5,9,11198,2,605,591,0,425,9316,27,9,4524,2,7,1,1
2020-04-04,7,20,130,43,7,30,186,5,4,8,5,1283,10,21,445,17,9,218,27,3330,32,18,2,1,12,59,161,68,172,71,3,0,25,7574,1,1444,5,68,2,0,15,32,86,191,3452,56,137,44,15362,87,5,4,177,1,1,1,17,1,0,57,0,79,12,59,0,0,1656,4,17,62,2,47,41,3,73,144,79,266,3,146,43,29,2,44,6,9,11947,2,690,666,0,501,10839,32,10,5281,2,7,1,1
2020-04-05,7,20,152,44,7,35,204,7,4,9,8,1447,10,23,486,20,9,259,34,3333,35,18,2,3,15,67,179,82,180,78,3,2,28,8093,1,1584,5,73,2,0,22,34,99,198,3603,61,158,49,15887,93,6,4,183,1,1,1,18,1,0,61,0,94,15,70,0,0,1771,5,18,71,2,53,46,3,83,152,94,295,4,151,45,34,2,51,6,11,12641,2,780,715,0,574,12429,37,10,5882,2,7,1,1
2020-04-06,11,21,173,48,8,40,220,7,4,12,13,1632,11,29,564,22,9,339,37,3335,46,18,2,3,16,78,187,86,191,85,4,2,27,8926,1,1810,5,79,3,0,22,38,136,209,3739,64,174,57,16523,96,6,6,186,1,1,4,19,1,0,62,0,125,19,80,0,0,1874,5,23,76,2,57,54,5,92,163,107,311,4,176,47,38,2,58,6,12,13341,2,864,765,0,649,14199,38,11,6452,2,7,1,1
2020-04-07,14,22,193,56,8,45,243,8,5,17,13,2035,14,33,686,23,9,375,43,3335,50,18,2,3,18,88,203,98,191,94,4,2,34,10343,1,2016,5,81,3,0,22,47,150,221,3872,65,210,65,17127,98,6,6,192,3,1,4,19,1,0,63,0,141,22,90,0,0,2108,6,26,89,2,61,55,5,107,177,129,345,6,197,58,41,2,61,6,13,14045,2,979,821,0,725,16770,45,12,7557,2,7,1,1
2020-04-08,14,22,205,63,9,50,273,8,5,20,13,2240,15,34,819,24,10,407,48,3337,54,18,3,3,19,99,218,108,242,103,5,2,40,10887,1,2349,6,83,3,0,22,58,178,240,3993,69,235,73,17669,105,7,6,200,5,1,4,19,1,0,65,0,174,27,93,0,0,2255,6,29,101,2,65,59,5,121,182,159,380,6,220,63,41,2,65,6,18,14792,2,1065,895,0,812,18916,52,12,8589,3,9,1,1
2020-04-09,15,23,235,72,10,51,295,9,5,21,16,2523,18,35,950,24,10,503,57,3339,69,18,3,3,20,112,237,118,272,118,6,2,42,12228,1,2607,6,87,3,0,23,66,226,280,4110,69,263,86,18279,113,8,7,204,6,1,4,19,1,0,67,0,194,29,97,0,0,2403,7,30,108,3,66,63,5,138,203,174,409,6,248,76,44,2,66,6,18,15447,2,1155,948,0,908,21144,57,14,9706,3,9,1,1
2020-04-10,15,23,256,82,12,54,319,10,6,27,19,3019,19,36,1057,25,12,557,65,3340,80,20,3,3,21,119,247,126,297,135,6,3,48,13215,1,2767,6,92,3,0,23,77,246,306,4232,70,287,95,18849,125,10,7,208,7,1,5,20,1,0,70,0,233,29,107,0,0,2520,7,32,113,3,86,66,6,169,221,181,435,6,270,94,47,2,71,7,24,16081,2,1258,1002,0,1006,23362,69,16,10829,3,9,2,2
2020-04-11,18,23,275,83,13,57,337,11,6,30,23,3346,20,37,1124,28,12,654,73,3343,100,20,3,4,21,129,260,135,315,146,6,3,49,13851,1,2736,8,93,3,0,24,85,288,327,4357,72,320,101,19468,138,10,7,211,7,1,5,20,1,0,73,0,273,30,111,0,0,2653,10,34,119,3,91,74,6,181,247,208,470,6,291,106,52,2,74,8,25,16606,2,1355,1036,0,1101,25481,73,20,11673,4,9,2,2
2020-04-12,18,23,293,90,13,60,350,11,6,34,26,3600,24,39,1223,29,12,714,80,3343,109,20,3,5,23,138,273,173,333,159,6,3,56,14412,1,3022,8,98,5,0,25,99,331,373,4474,76,334,103,19899,147,10,8,214,7,1,5,20,1,0,76,0,296,31,118,0,0,2747,10,34,128,4,93,79,6,193,297,232,504,7,316,130,59,2,80,8,25,17209,2,1440,1106,0,1198,27294,83,22,12330,4,9,2,2
2020-04-13,21,23,313,97,14,61,368,12,6,39,29,3903,27,39,1328,32,12,781,82,3345,112,20,3,6,25,143,285,177,355,164,6,3,59,14986,1,3194,8,99,5,0,25,109,358,399,4585,78,365,116,20465,156,12,9,217,7,2,5,20,1,0,77,0,332,35,126,0,0,2833,10,38,134,4,96,87,6,216,315,245,535,7,331,148,65,2,85,9,27,17756,4,1531,1138,0,1296,29240,93,25,13055,4,9,2,2
2020-04-14,23,24,326,102,16,62,384,13,7,46,33,4157,28,40,1532,35,14,901,92,3345,127,20,3,6,31,161,299,183,369,178,6,3,64,15731,1,3294,8,101,5,0,26,122,393,459,4683,78,406,123,21067,170,14,9,222,8,3,5,21,1,0,82,0,406,40,126,0,0,2955,11,44,139,4,111,94,7,230,335,263,567,7,351,170,73,2,94,10,27,18056,5,1646,1174,0,1403,31695,98,28,14135,4,9,2,2
2020-04-15,25,25,336,111,17,63,393,13,7,50,36,4440,28,41,1736,36,17,1008,94,3346,131,21,4,6,33,166,309,189,388,183,6,3,72,17169,1,3804,8,102,5,1,31,134,405,469,4777,79,444,130,21645,186,16,10,225,8,3,5,21,1,0,83,0,449,46,127,0,0,3145,12,45,150,4,128,95,8,254,349,286,599,7,372,198,79,2,99,10,34,18708,5,1757,1239,0,1518,34304,108,33,15019,4,9,2,2
2020-04-16,30,26,348,115,18,63,410,15,7,60,40,4857,29,43,1924,38,22,1259,105,3346,144,22,4,6,35,169,321,196,403,196,6,3,75,17922,1,4052,8,105,5,1,35,142,448,496,4869,80,486,142,22170,204,17,11,229,9,3,5,21,1,0,84,0,486,54,130,0,0,3327,13,46,152,4,135,103,8,274,362,314,629,7,392,232,83,2,103,10,48,19315,5,1839,1281,0,1643,36480,116,35,16059,4,9,2,2
2020-04-17,30,26,364,123,19,66,431,15,7,75,42,5163,31,46,2141,41,22,1356,116,4636,153,23,4,6,36,173,336,200,421,205,7,3,82,18683,1,4352,8,108,7,3,41,156,486,520,4958,81,530,151,22745,217,17,11,230,11,5,5,21,1,0,86,0,546,56,135,0,0,3471,17,49,161,6,143,109,8,300,387,332,657,7,411,273,87,2,110,11,50,20002,6,1925,1327,0,1769,38573,125,37,16973,4,9,2,2
2020-04-18,30,26,367,129,20,67,443,18,7,84,45,5453,31,47,2354,41,22,1401,126,4636,166,25,4,8,39,181,346,217,456,224,7,3,90,19325,1,4459,9,110,7,3,46,172,521,535,5031,82,571,164,23227,236,17,12,232,12,6,5,21,1,0,88,0,650,57,137,0,0,3613,19,49,164,6,168,116,8,348,397,347,687,8,421,313,92,3,117,11,52,20043,10,2013,1368,0,1890,40533,133,37,18081,5,9,2,2
2020-04-19,33,26,375,132,20,67,452,19,7,91,47,5683,32,48,2462,42,42,1565,133,4636,179,25,5,9,47,186,355,226,474,239,7,3,94,19720,1,4586,9,113,7,5,46,189,559,582,5118,82,610,172,23660,255,17,14,234,12,7,5,21,1,0,89,0,686,67,141,0,0,3697,21,51,165,7,176,120,8,400,409,360,714,8,451,361,97,3,122,11,54,20453,10,2097,1393,0,2017,42464,141,41,18514,5,9,2,3
2020-04-20,36,26,384,136,22,67,470,19,7,101,51,5828,33,49,2587,43,42,1727,139,4636,189,25,6,9,47,194,364,235,507,250,7,3,98,20267,1,4862,9,116,7,5,46,199,592,590,5209,82,687,177,24114,275,19,14,236,12,9,7,21,1,0,89,0,712,70,143,0,0,3764,22,54,181,7,201,126,8,445,428,380,735,9,478,405,103,5,125,11,58,20852,12,2159,1429,0,2140,44650,151,43,19090,5,9,2,3
2020-04-21,36,26,392,147,24,67,491,20,7,110,55,5998,34,51,2741,45,43,1910,147,4636,196,25,6,13,48,201,370,245,520,264,7,3,141,20798,1,5033,9,121,7,6,46,213,645,616,5297,83,730,184,24648,303,19,14,237,15,11,7,21,1,0,92,0,857,72,145,0,0,3929,22,55,182,8,212,136,8,484,437,401,762,9,498,456,109,5,130,11,58,21282,12,2236,1478,0,2259,47198,161,46,20314,6,10,2,3
2020-04-22,40,27,402,152,24,67,510,20,7,120,58,6262,37,53,2906,49,43,2078,160,4636,206,25,6,14,48,208,384,260,537,276,7,3,149,21342,1,5279,9,121,8,6,46,225,681,635,5391,83,769,189,25085,323,19,14,238,18,13,7,22,1,0,93,0,970,75,149,0,0,4068,28,56,187,8,237,141,9,530,446,426,785,10,524,513,114,6,134,12,65,21717,13,2322,1509,0,2376,49632,174,52,21171,7,10,2,3
2020-04-23,42,27,407,165,24,75,522,20,8,127,60,6490,43,54,3331,52,43,2241,168,4636,215,25,6,14,50,210,394,265,560,287,8,3,172,21858,2,5575,9,125,11,6,47,239,721,647,5481,83,794,192,25549,351,20,14,240,18,14,8,22,2,0,95,0,1069,80,155,0,0,4192,31,56,194,9,253,146,9,572,462,454,820,10,545,555,121,6,139,12,75,22157,16,2411,1549,0,2491,52101,187,56,21855,7,10,2,3
2020-04-24,43,27,415,176,27,79,530,21,8,131,63,6679,44,55,3704,54,43,2402,174,4636,225,25,6,14,51,214,403,267,576,294,8,3,177,22248,3,5760,10,130,11,6,55,262,780,689,5574,86,1014,194,25969,360,25,14,240,19,15,8,22,2,0,96,0,1221,84,158,0,0,4304,32,57,199,10,269,154,9,634,477,494,854,10,567,615,127,7,144,12,79,22524,16,2484,1589,0,2600,54255,201,64,22873,8,10,2,3
2020-04-25,47,27,419,185,28,80,536,21,8,140,67,6917,46,57,4057,55,53,2571,181,4636,233,28,6,14,54,218,418,273,576,307,8,3,186,22617,3,5877,10,130,13,7,59,262,825,720,5650,86,1063,199,26384,379,25,14,242,19,19,8,24,2,0,98,0,1305,94,159,0,0,4424,35,59,201,10,281,159,9,700,494,524,880,10,601,681,136,7,151,12,86,22902,17,2559,1599,0,2706,55953,201,71,23689,8,10,2,3
2020-04-26,50,28,425,192,28,83,542,21,8,145,72,7094,50,59,4286,56,56,2687,189,4637,244,28,6,14,55,220,422,278,576,317,8,3,190,22859,3,5976,11,134,15,7,59,272,881,743,5710,87,1087,201,26644,395,25,14,243,20,20,8,24,2,0,98,0,1351,96,161,0,0,4491,40,61,201,10,292,165,9,728,501,535,903,10,619,747,139,9,156,12,87,23190,21,2632,1610,0,2805,57282,209,76,24053,8,10,2,3
2020-04-27,57,28,432,197,29,83,549,22,8,152,75,7207,53,60,4603,58,58,2841,198,4637,253,28,6,14,59,223,427,282,663,337,8,3,193,23296,3,6126,11,136,15,7,61,280,939,765,5806,88,1102,204,26977,417,25,14,244,21,22,8,24,2,0,99,0,1434,102,162,0,0,4534,40,65,205,10,312,167,9,782,511,562,928,10,641,794,144,9,162,14,90,23521,22,2714,1665,0,2900,58748,220,82,24376,8,10,2,3
2020-04-28,58,30,437,207,30,89,569,22,8,155,79,7331,55,63,5083,58,58,2983,207,4637,269,30,6,14,63,227,434,286,871,359,8,3,199,23663,3,6314,16,138,15,7,64,291,1008,773,5877,90,1159,210,27359,436,25,14,246,22,23,8,24,2,0,100,0,1569,103,165,0,0,4582,44,71,206,10,343,167,9,854,530,596,948,10,663,867,152,9,168,14,93,23822,25,2798,1699,0,2992,60989,239,89,25347,8,10,2,3
2020-04-29,60,30,444,214,30,91,580,23,8,163,84,7501,59,65,5513,64,61,3155,216,4637,278,30,6,14,67,227,443,293,883,380,9,3,206,24090,3,6467,16,139,16,7,66,300,1079,784,5957,92,1190,215,27682,454,25,15,247,22,24,8,24,2,0,100,1,1732,111,168,0,0,4727,51,73,207,10,385,178,9,943,558,624,973,10,693,972,157,9,173,14,103,24275,28,2876,1716,0,3081,63510,250,98,26118,9,10,2,3
2020-04-30,64,31,450,218,32,93,584,24,8,168,89,7594,62,69,6006,66,61,3310,227,4637,293,31,6,14,69,236,452,301,900,392,10,3,211,24379,3,6623,17,140,16,7,71,312,1154,792,6028,93,1232,222,27967,481,25,17,248,22,26,8,24,3,0,102,1,1859,116,170,0,0,4811,58,77,210,11,417,188,10,1051,568,644,989,10,717,1073,162,9,179,15,103,24543,31,2954,1737,0,3174,65832,261,105,26754,9,16,2,3
2020-05-01,68,31,453,225,33,93,589,25,8,170,93,7703,66,70,6412,68,61,3537,234,4637,314,32,6,15,75,240,460,313,1063,406,10,3,218,24597,3,6736,17,140,16,7,75,323,1223,800,6091,94,1265,225,28236,510,25,21,250,22,30,8,24,3,0,103,1,1972,122,171,0,0,4909,68,81,210,11,440,192,10,1124,579,651,1007,12,744,1169,169,9,179,16,116,24543,36,3027,1754,0,3258,67723,272,111,27454,9,10,2,3
2020-05-02,72,31,459,237,33,94,596,25,8,175,97,7765,71,72,6761,72,64,3684,247,4637,324,33,6,15,77,245,475,326,1371,415,11,3,220,24763,5,6812,18,143,17,7,76,335,1323,831,6156,95,1286,229,28710,536,25,22,250,22,33,8,25,3,0,103,1,2061,124,173,0,0,5003,85,82,211,12,457,197,10,1200,603,664,1023,12,771,1222,176,9,189,17,123,25100,41,3102,1762,2,3336,69415,279,119,28039,9,10,2,3
2020-05-03,85,31,463,246,35,95,598,25,8,177,99,7844,76,77,7051,73,64,3795,260,4637,340,33,6,17,79,248,484,333,1564,429,11,3,230,24900,5,6866,18,144,17,7,82,340,1391,845,6203,97,1303,232,28884,560,27,24,252,22,38,10,25,3,0,105,1,2154,125,174,0,0,5072,87,84,211,12,476,197,10,1286,607,678,1043,12,790,1280,184,9,193,18,131,25264,41,3186,1762,2,3397,70535,288,126,28292,10,10,2,3
2020-05-04,90,31,465,260,39,96,600,26,8,182,103,7924,82,78,7367,78,64,4003,270,4637,358,34,6,17,80,252,493,346,1569,436,13,3,240,25204,6,6993,18,146,19,9,83,351,1566,864,6277,98,1319,235,29079,582,29,24,254,22,40,10,25,3,0,105,1,2271,132,179,0,0,5098,93,85,214,12,514,200,10,1344,623,698,1063,12,818,1356,191,10,197,18,138,25428,41,3258,1784,3,3461,71868,303,137,28565,10,10,2,3
2020-05-05,95,31,470,264,40,97,606,26,8,183,107,8016,86,79,7938,80,64,4190,275,4637,378,34,6,18,83,257,503,354,1569,452,14,4,246,25537,6,6993,18,146,19,10,93,363,1693,872,6340,102,1339,238,29315,593,29,24,255,26,40,11,25,3,0,106,2,2507,136,181,0,0,5185,98,86,215,13,564,210,10,1444,637,716,1074,12,841,1451,200,11,200,18,148,25613,45,3331,1795,5,3520,74186,316,146,29290,10,10,2,3
2020-05-06,104,31,476,273,40,97,608,28,8,186,112,8339,91,86,8588,84,108,4366,281,4637,397,35,6,18,85,262,506,362,1618,469,15,4,252,25812,6,7275,18,147,21,11,99,373,1785,895,6418,102,1375,239,29684,605,30,26,256,26,42,12,25,3,0,107,2,2704,143,183,0,0,5221,103,88,216,13,585,218,10,1533,658,733,1089,12,864,1537,209,12,203,20,153,25857,49,3411,1805,8,3584,76550,327,157,29937,10,10,2,4
2020-05-07,106,31,483,282,42,97,609,28,8,199,116,8415,102,90,9190,84,108,4541,285,4637,407,36,6,20,86,270,514,373,1654,482,15,4,255,25990,8,7392,18,148,23,11,105,383,1889,930,6486,102,1403,240,29958,617,30,29,256,26,44,12,25,3,0,107,3,2961,145,183,0,0,5306,107,89,217,15,599,225,10,1627,685,755,1105,12,888,1625,219,13,206,20,161,26070,52,3471,1810,12,3641,78484,340,165,30395,10,10,2,4
2020-05-08,109,31,488,293,43,97,614,28,8,206,121,8521,106,98,10017,86,108,4697,294,4637,428,39,6,20,86,273,522,380,1704,503,16,4,260,26233,8,7510,18,150,24,11,107,392,1985,943,6541,104,1429,245,30201,634,31,29,256,27,47,12,26,3,0,107,3,3160,150,186,0,0,5377,117,90,218,16,636,231,10,1714,696,776,1114,12,923,1723,229,13,209,20,178,26299,59,3540,1823,12,3689,80231,361,174,30975,10,10,2,4
2020-05-09,115,31,494,300,44,97,615,31,8,214,126,8581,114,102,10656,90,108,4823,304,4637,445,39,6,21,87,276,526,385,1717,514,17,5,265,26313,8,7549,22,151,24,11,108,405,2101,959,6589,107,1446,247,30395,654,31,30,256,28,49,12,26,3,0,108,3,3353,161,186,0,0,5441,128,91,219,17,659,237,10,1814,704,785,1126,13,939,1827,239,17,215,20,186,26478,64,3614,1830,20,3739,81719,376,185,31250,10,10,2,7
2020-05-10,120,31,502,305,45,97,618,32,8,228,131,8656,118,107,11123,91,114,4991,312,4637,463,41,7,21,90,280,529,388,2127,525,17,5,267,26383,8,7569,22,151,26,11,108,413,2212,973,6640,109,1458,252,30560,666,31,32,256,28,58,12,26,3,0,108,3,3465,169,188,0,0,5459,143,91,219,17,706,244,10,1889,719,800,1135,14,961,1915,246,19,215,20,194,26621,70,3678,1833,20,3786,82612,391,198,31467,10,10,2,7
2020-05-11,122,31,507,314,46,97,620,32,8,239,135,8707,122,113,11653,93,125,5115,323,4637,479,41,7,21,91,282,533,393,2145,533,18,5,271,26646,9,7661,22,151,26,11,116,421,2294,991,6685,110,1467,258,30739,685,32,33,258,28,65,12,26,3,0,109,3,3573,175,188,0,0,5475,150,91,224,17,737,249,10,1961,726,811,1144,14,982,2009,255,19,218,21,206,26744,74,3739,1845,21,3841,83626,408,201,31655,10,10,2,7
2020-05-12,127,31,515,319,47,98,623,33,9,250,142,8761,128,117,12461,95,125,5300,335,4637,493,44,7,21,91,283,527,402,2327,544,20,5,275,26994,9,7738,22,152,27,11,121,425,2415,1007,6733,112,1488,260,30911,707,32,36,259,28,75,12,26,3,0,109,3,3926,182,188,0,0,5529,158,92,228,17,761,252,10,2057,751,839,1163,14,1002,2116,264,19,220,21,206,26920,80,3789,1867,21,3894,85253,425,203,32270,10,10,2,7
2020-05-13,132,31,522,329,48,98,624,35,10,269,146,8843,142,120,13240,96,136,5425,346,4637,509,50,8,24,94,290,533,409,2334,556,20,5,284,27077,9,7861,24,155,29,14,123,430,2551,1028,6783,115,1497,264,31106,726,32,40,260,29,82,12,26,3,0,111,4,4220,185,188,0,0,5581,164,95,229,17,770,256,11,2169,772,861,1175,14,1036,2212,273,21,222,21,219,27104,90,3835,1870,23,3952,87017,439,206,32718,11,10,2,7
2020-05-14,136,31,529,353,49,98,626,35,10,283,151,8903,152,122,13999,99,139,5592,368,4637,525,50,8,24,94,293,537,422,2338,571,23,5,287,27428,10,7884,24,156,29,15,133,436,2649,1043,6854,115,1506,265,31368,742,32,42,260,29,88,12,26,3,0,112,4,4477,194,190,0,0,5609,167,95,232,18,834,260,11,2267,790,883,1184,14,1053,2305,283,23,224,21,238,27321,90,3893,1872,29,4007,88800,456,208,33071,11,10,2,7
2020-05-15,153,31,536,356,52,98,628,36,12,298,156,8959,164,128,14962,102,140,5679,394,4637,546,50,9,24,95,295,537,424,2594,592,25,5,293,27532,10,7897,28,160,30,15,134,442,2753,1076,6902,117,1518,266,31610,760,34,45,262,29,96,14,26,3,0,112,4,4767,202,190,0,0,5662,171,97,232,20,834,266,11,2392,806,907,1190,14,1070,2418,292,25,225,21,247,27459,91,3942,1878,33,4055,90481,476,210,33422,11,10,2,7
2020-05-16,168,31,542,363,55,98,629,36,12,314,160,9005,165,129,15662,105,140,5800,421,4638,562,61,10,25,95,296,543,428,2688,612,26,5,297,27532,11,7938,29,162,33,16,138,448,2871,1089,6937,121,1533,268,31763,778,34,50,262,29,107,14,26,3,0,113,4,5045,207,192,0,1,5689,176,98,232,21,873,269,11,2523,817,915,1203,15,1094,2537,302,25,228,22,261,27563,97,3995,1879,36,4096,91697,497,214,33833,11,10,2,7
2020-05-17,169,31,548,373,60,99,629,39,12,328,165,9052,169,133,16118,108,140,5903,450,4638,574,61,10,27,95,298,547,428,2736,630,30,5,298,28111,11,7962,29,163,33,16,142,451,3025,1148,6988,123,1543,272,31908,787,34,50,263,29,112,14,26,3,1,113,4,5177,211,192,0,2,5699,182,101,232,22,903,275,11,2648,824,925,1218,15,1107,2631,312,25,230,22,264,27563,97,4056,1881,39,4140,92455,514,220,33900,12,10,2,7
2020-05-18,173,31,555,382,61,99,629,40,12,349,171,9080,174,133,16853,110,140,5960,478,4638,592,61,10,28,95,297,548,434,2799,645,30,5,300,28242,11,8003,29,165,35,16,146,462,3156,1191,7057,127,1547,276,32007,796,35,50,263,29,118,14,26,3,1,113,4,5332,217,192,0,2,5713,191,104,233,25,939,279,11,2789,831,936,1231,15,1120,2722,320,26,231,22,286,27709,105,4096,1886,41,4171,93627,535,224,34046,13,10,2,7
2020-05-19,178,31,561,393,64,100,632,41,12,370,175,9108,189,134,17983,112,140,6028,509,4638,613,61,10,28,96,302,551,441,2839,659,30,5,301,28025,12,8081,31,165,43,18,147,467,3302,1221,7119,131,1561,278,32169,805,35,50,263,29,121,14,26,3,2,114,4,5666,221,193,0,2,5734,192,106,233,27,985,281,11,2914,837,948,1247,15,1137,2837,329,30,234,22,312,27778,111,4150,1891,41,4199,95179,548,227,34547,13,10,2,7
2020-05-20,187,31,568,403,67,100,633,43,12,386,179,9150,199,136,18859,116,146,6150,544,4638,630,61,10,29,96,304,554,446,2888,680,31,5,304,28135,12,8144,31,166,45,18,147,470,3434,1242,7183,134,1571,279,32330,818,35,50,264,29,124,14,26,3,2,114,4,6090,228,194,0,2,5767,200,110,234,30,1017,287,11,3024,842,962,1263,16,1147,2972,339,30,235,22,339,27888,111,4204,1892,41,4222,96705,564,233,34876,13,10,2,7
2020-05-21,193,31,575,416,70,101,633,44,12,408,185,9186,215,140,20047,120,156,6267,589,4638,652,61,10,29,97,306,561,448,2939,696,33,5,306,28218,12,8203,31,168,48,18,156,473,3584,1278,7249,140,1583,279,32486,826,35,50,264,29,129,14,26,3,2,114,4,6510,233,196,0,3,5794,211,111,235,31,1067,291,11,3148,846,972,1277,17,1156,3099,351,33,237,23,369,27940,121,4260,1898,44,4249,97922,579,237,35149,13,10,2,7
2020-05-22,205,31,582,433,74,101,635,46,12,432,190,9212,230,141,21048,125,159,6360,630,4638,682,63,10,29,99,312,561,456,3056,707,33,5,306,28292,12,8228,31,169,51,19,167,476,3726,1326,7300,147,1592,279,32616,836,35,50,266,29,138,14,26,3,2,115,4,6989,237,197,0,3,5807,221,112,235,34,1101,295,11,3244,857,982,1289,19,1166,3249,364,33,237,23,397,28628,137,4316,1903,44,4276,99166,588,241,35440,13,10,2,7
2020-05-23,216,31,592,445,77,102,639,49,13,452,194,9237,240,141,22013,126,159,6466,673,4638,705,63,10,30,99,314,561,458,3096,735,33,5,306,28335,12,8261,31,171,55,20,167,482,3868,1351,7359,152,1604,279,32735,845,35,50,266,29,148,14,26,3,2,115,4,7179,242,198,0,3,5830,221,113,235,36,1133,299,11,3373,863,993,1302,21,1176,3388,379,34,238,23,407,28678,146,4360,1905,44,4308,100275,605,244,35660,13,10,3,7
2020-05-24,218,32,600,452,81,102,640,49,14,480,199,9280,250,144,22666,130,165,6534,718,4638,727,63,10,30,99,315,562,458,3108,764,35,5,307,28370,12,8283,32,171,58,20,180,486,4024,1372,7417,160,1608,279,32785,852,35,51,267,29,156,14,26,3,2,115,4,7394,250,199,0,3,5841,226,113,235,37,1167,306,11,3456,868,996,1316,23,1185,3541,390,35,238,23,429,28752,165,4402,1906,46,4340,100897,617,245,36039,13,10,3,7
2020-05-25,219,32,609,467,87,102,641,51,14,501,204,9312,261,146,23473,130,165,6655,761,4638,750,67,10,30,100,317,563,460,3203,783,35,5,308,28460,14,8309,32,172,59,20,182,491,4172,1391,7451,163,1606,281,32877,857,35,52,269,30,165,16,26,3,2,115,4,7633,261,200,0,4,5849,233,113,235,37,1197,310,11,3629,873,1007,1330,26,1205,3633,399,35,239,23,481,26834,170,4430,1913,46,4369,101445,623,248,36143,13,10,3,7
2020-05-26,220,33,617,484,91,103,643,52,14,522,208,9334,274,149,24512,130,175,6753,806,4638,776,68,10,30,101,317,563,468,3203,797,36,6,312,28533,14,8372,34,173,63,20,188,499,4344,1418,7508,169,1615,281,32955,863,37,52,269,30,172,16,26,3,2,115,5,8134,267,202,0,4,5875,249,116,235,37,1225,313,11,3788,886,1024,1342,28,1216,3807,411,36,239,23,524,27117,170,4469,1915,47,4397,102107,644,253,36274,14,11,3,7
2020-05-27,227,33,623,500,98,103,645,54,15,544,214,9364,280,151,25598,133,175,6876,841,4638,803,68,10,31,101,317,565,474,3275,816,39,6,313,28599,14,8428,34,173,68,20,194,505,4534,1473,7564,175,1631,281,33072,870,37,55,269,30,175,16,26,4,2,115,5,8597,274,202,0,4,5890,254,119,235,39,1260,315,11,3983,904,1028,1356,30,1227,3968,425,38,240,23,552,27117,195,4509,1917,47,4431,103625,658,255,36696,14,11,3,7
2020-05-28,235,33,630,508,113,103,668,56,15,559,219,9388,293,153,26754,134,175,6982,890,4638,822,69,10,32,102,319,568,485,3313,845,39,7,313,28665,14,8470,34,175,80,22,196,509,4711,1496,7627,179,1639,284,33142,881,37,58,269,30,185,16,26,5,2,115,5,9044,282,202,0,5,5922,259,121,236,40,1317,320,11,4099,921,1038,1369,33,1235,4142,441,39,241,23,577,27119,195,4549,1919,47,4461,104803,669,258,37039,14,11,3,7
2020-05-29,246,33,638,520,120,103,668,58,15,582,224,9430,300,153,27878,136,177,7063,944,4638,853,69,10,32,103,319,568,488,3334,879,42,8,314,28717,15,8504,34,175,90,22,196,517,4980,1520,7677,185,1645,284,33229,887,37,62,269,30,194,16,26,5,5,115,5,9415,288,202,0,6,5950,261,126,236,40,1395,326,11,4230,942,1051,1383,36,1248,4374,458,41,242,23,611,27121,233,4588,1919,47,4489,105963,679,260,37313,14,14,3,7
2020-05-30,249,33,646,528,127,103,668,61,17,610,229,9453,310,153,28834,139,191,7159,997,4638,890,69,10,33,103,319,571,498,3334,913,46,8,316,28774,17,8530,35,175,102,23,201,524,5185,1573,7734,195,1651,284,33340,894,38,63,270,30,205,16,26,5,6,115,5,9779,291,204,0,6,5970,273,131,236,42,1483,330,11,4371,950,1061,1396,36,1259,4555,480,42,242,23,643,27125,262,4633,1919,47,4515,106926,696,262,37467,14,14,3,7
2020-05-31,257,33,653,539,131,103,668,63,19,650,235,9467,313,153,29314,140,191,7374,1054,4638,939,72,10,33,103,320,574,502,3358,959,46,11,320,28805,17,8540,36,175,108,23,212,526,5408,1613,7797,205,1652,285,33415,898,40,64,271,30,212,16,27,5,6,115,5,9930,295,205,0,8,5975,287,133,236,49,1543,336,11,4506,957,1064,1410,38,1266,4693,503,42,243,23,683,27127,286,4673,1920,47,4540,107507,708,264,37527,15,14,3,7
2020-06-01,265,33,661,556,139,102,668,68,19,672,240,9486,343,154,29937,140,199,7404,1113,4638,969,72,10,33,103,321,576,502,3358,1005,46,12,318,28836,17,8555,36,179,116,23,217,527,5608,1641,7878,215,1650,285,33475,899,41,69,272,30,220,16,27,5,6,115,6,10167,305,205,0,8,5981,299,140,236,50,1621,344,11,4634,960,1074,1424,40,1276,4849,525,42,244,24,705,27127,298,4710,1920,47,4563,108283,724,266,37613,15,17,3,7
2020-06-02,270,33,667,569,158,102,669,71,19,709,243,9505,376,157,31199,144,200,7478,1188,4638,1009,72,10,33,103,323,580,515,3438,1052,49,14,320,28943,20,8563,38,179,123,23,225,532,5829,1663,7942,235,1658,290,33530,902,44,71,273,30,226,17,27,5,6,115,7,10637,307,206,0,8,5986,314,141,237,59,1688,352,11,4767,966,1092,1436,43,1288,5031,549,43,245,24,755,27127,307,4736,1920,47,4585,109351,733,269,37863,15,18,3,7
2020-06-03,294,33,673,583,170,102,670,76,20,746,248,9522,400,157,32548,146,200,7579,1275,4638,1045,75,10,35,103,325,580,516,3486,1088,51,17,321,29024,20,8602,38,179,143,23,234,534,6088,1698,8012,256,1659,291,33601,905,48,74,273,30,230,20,27,5,6,115,7,11729,310,206,0,9,5996,315,145,237,67,1770,357,11,4894,974,1115,1447,45,1296,5208,579,45,245,24,792,27128,314,4781,1921,48,4609,110358,742,270,38117,16,20,3,7
2020-06-04,300,33,681,608,176,102,670,78,21,781,253,9548,415,159,34021,147,203,7717,1356,4638,1087,78,10,35,103,326,582,520,3486,1126,52,18,322,29068,21,8635,38,180,158,23,243,539,6363,1721,8071,271,1664,291,33689,911,52,78,273,30,236,20,28,5,7,115,7,12545,315,208,0,10,6009,323,147,238,67,1838,363,11,5031,984,1117,1455,45,1305,5376,611,45,246,24,848,27133,333,4819,1921,48,4630,111381,755,273,38247,16,20,3,7
2020-06-05,309,33,690,632,183,102,672,82,22,811,259,9566,427,159,35026,159,205,7778,1448,4638,1145,81,10,36,103,327,586,525,3534,1166,53,19,322,29114,21,8658,42,180,216,23,248,542,6649,1770,8134,285,1670,291,33774,916,52,79,273,30,244,22,28,5,7,116,7,13170,323,208,0,11,6024,333,149,238,72,1935,370,11,5162,987,1137,1465,49,1316,5520,642,45,247,24,908,27134,347,4850,1921,48,4648,112295,770,274,38505,16,20,3,7
2020-06-06,327,34,698,648,190,102,672,84,24,846,263,9580,454,159,35930,160,212,7850,1541,4638,1205,82,10,36,104,327,587,536,3608,1198,53,20,322,29145,21,8673,44,180,230,23,250,545,6946,1801,8209,318,1678,295,33846,915,53,83,273,30,254,22,29,5,8,117,8,13511,331,208,0,13,6030,342,151,238,72,2002,386,11,5301,994,1153,1474,51,1322,5717,676,47,248,25,952,27135,359,4883,1921,48,4669,112954,785,275,38648,17,22,3,7
2020-06-07,357,34,707,664,200,102,672,88,26,888,269,9595,465,159,36455,160,212,7877,1637,4638,1259,85,10,36,104,327,589,538,3621,1237,53,27,323,29158,21,8685,44,180,252,23,258,546,7207,1851,8281,346,1679,298,33899,917,56,84,273,30,264,22,30,5,9,117,8,13699,341,208,0,13,6032,354,153,238,75,2067,393,11,5465,1003,1157,1479,54,1333,5851,712,49,249,25,998,27136,359,4921,1921,48,4692,113392,796,276,38702,17,22,3,7
2020-06-08,369,34,715,693,211,102,672,93,27,930,276,9606,475,160,37134,164,212,7910,2264,4638,1308,88,11,38,104,328,593,539,3642,1271,56,27,323,29212,21,8695,48,182,267,23,262,548,7473,1883,8351,370,1683,298,33964,920,56,85,274,31,269,23,30,5,9,117,8,14053,353,208,0,14,6035,361,156,239,81,2172,398,11,5571,1011,1166,1485,57,1339,5963,746,49,250,25,1080,27136,372,4954,1923,48,4711,113911,805,281,38749,18,22,3,10
2020-06-09,384,34,724,717,217,102,672,98,29,975,282,9619,487,160,38406,167,212,7970,2283,4638,1372,90,11,38,106,328,593,544,3690,1306,60,32,324,29299,21,8736,48,183,289,23,271,550,7750,1923,8425,392,1691,299,34043,920,61,88,276,31,273,24,30,5,9,117,8,14649,365,210,0,15,6050,365,157,239,83,2255,403,11,5738,1017,1183,1492,62,1354,6134,783,52,250,25,1162,27136,389,4994,1934,48,4729,114861,818,283,38946,18,23,3,10
2020-06-10,405,34,732,735,227,102,673,102,31,1012,288,9629,512,161,39680,167,212,8038,2475,4638,1433,96,12,41,106,330,593,550,3720,1342,64,35,324,29322,22,8752,48,183,316,23,290,551,8102,1959,8506,426,1695,299,34114,922,67,89,276,31,275,26,30,5,10,118,8,15357,371,211,0,15,6061,382,164,239,84,2356,413,11,5903,1027,1206,1497,66,1360,6350,819,52,251,25,1210,27136,401,5030,1936,48,4746,115762,841,284,39110,19,23,3,10
2020-06-11,426,35,741,765,245,102,674,108,34,1049,293,9636,533,161,40919,168,212,8071,2648,4638,1488,98,12,41,106,328,593,561,3720,1377,68,40,325,29349,23,8772,48,183,334,23,294,553,8498,2000,8584,457,1703,300,34167,922,67,92,277,31,279,26,31,5,10,118,8,15944,375,211,0,15,6063,387,169,242,89,2463,418,11,6088,1036,1215,1504,69,1369,6522,857,55,252,25,1284,27136,413,5060,1937,49,4763,116633,864,286,39186,19,23,3,10
2020-06-12,446,36,751,785,258,102,675,113,36,1095,298,9646,559,163,41828,172,212,8125,2870,4638,1545,101,12,45,107,329,594,568,3828,1422,68,47,325,29377,23,8783,48,183,351,24,306,555,8884,2048,8659,496,1705,300,34223,924,70,96,277,31,285,26,31,6,10,119,8,16448,385,212,0,16,6072,399,171,242,96,2463,421,11,6088,1052,1222,1505,70,1380,6705,893,56,252,25,1354,27136,433,5093,1938,49,4778,117461,880,287,39317,19,23,3,10
2020-06-13,451,36,760,815,264,102,677,115,37,1139,303,9650,585,163,42720,172,212,8183,3101,4638,1592,106,12,45,107,328,597,577,3874,1484,72,55,325,29401,23,8793,48,183,367,25,310,559,9195,2091,8730,549,1705,300,34301,927,73,100,277,31,289,27,32,8,10,120,8,16872,398,212,0,18,6076,407,179,242,99,2551,429,11,6308,1074,1237,1512,70,1394,6819,932,60,253,26,1423,27136,447,5120,1938,50,4792,118220,890,288,39424,19,24,3,10
2020-06-14,471,36,767,833,269,102,677,119,42,1171,308,9655,611,163,43332,174,212,8218,3323,4638,1667,107,12,45,107,329,597,592,3896,1575,74,57,326,29410,23,8801,54,183,384,25,312,562,9520,2134,8837,607,1706,300,34345,927,77,103,277,32,296,27,32,10,10,121,8,17141,406,212,0,19,6078,420,188,242,104,2729,437,11,6688,1088,1247,1517,73,1410,6938,972,60,254,26,1480,27136,459,5151,1938,50,4807,118528,899,289,39451,19,25,3,11
2020-06-15,478,36,777,854,285,102,678,122,46,1209,312,9661,632,165,43959,176,276,8228,3362,4638,1726,112,12,46,107,330,598,605,3929,1672,74,60,326,29439,27,8807,54,184,399,26,322,563,9900,2198,8950,652,1706,302,34371,929,81,104,278,33,298,28,32,10,10,121,8,17580,411,212,0,19,6084,424,193,242,108,2839,448,12,6860,1098,1256,1520,76,1427,7081,1011,64,255,26,1568,27136,468,5179,1939,50,4825,118922,911,291,39480,19,26,3,11
2020-06-16,491,37,788,878,293,102,681,126,47,1262,318,9663,659,168,45241,181,276,8271,3383,4638,1801,112,12,46,107,331,598,615,3970,1766,76,61,326,29550,29,8820,58,185,418,26,330,565,11903,2231,9065,712,1709,302,34405,934,88,105,279,33,303,30,32,10,12,121,8,18310,423,212,0,19,6089,455,201,242,114,2975,457,13,7056,1103,1272,1522,80,1437,7274,1052,70,256,26,1625,27136,477,5212,1954,50,4842,119760,922,293,39600,19,27,3,11
2020-06-17,504,38,799,913,302,102,687,133,49,1305,324,9675,679,168,46510,184,276,8312,3615,4638,1864,115,12,48,107,333,598,633,4007,1850,79,63,326,29578,30,8851,66,187,432,26,336,567,12237,2276,9185,773,1710,303,34448,935,97,107,280,34,306,31,32,10,12,121,8,19080,433,213,0,20,6093,469,210,243,116,3093,470,13,7257,1108,1286,1523,82,1451,7468,1091,73,257,26,1674,27136,487,5241,1956,51,4861,120504,953,295,39710,19,28,3,11
2020-06-18,546,39,811,948,309,102,688,139,55,1343,331,9683,697,168,47748,190,276,8361,3841,4638,1950,117,12,49,107,334,600,635,4087,1938,82,65,326,29606,32,8875,66,188,449,26,343,568,12573,2339,9272,856,1714,303,34514,935,100,117,280,34,308,31,32,10,13,121,8,19747,444,213,0,22,6097,475,216,244,119,3229,475,13,7461,1116,1316,1524,86,1473,7650,1139,76,258,26,1737,27136,487,5270,1956,51,4882,121222,976,298,39777,19,28,3,11
2020-06-19,548,42,825,979,319,102,688,143,57,1388,337,9695,715,169,48954,193,282,8408,4093,4638,2045,122,12,49,107,335,600,647,4156,2017,86,72,326,29620,34,8887,70,189,483,27,349,568,12948,2373,9392,925,1714,304,34561,951,113,119,280,34,313,32,32,10,13,121,8,20394,450,213,0,22,6100,487,222,244,125,3382,485,13,7660,1130,1334,1527,93,1484,7831,1184,79,259,26,1831,28315,506,5299,1956,51,4905,121892,995,300,39861,19,30,3,11
2020-06-20,569,43,837,992,332,102,688,148,60,1425,343,9696,740,169,49976,199,301,8466,4295,4639,2126,125,12,52,107,336,600,655,4156,2106,93,72,326,29636,34,8895,85,190,514,27,358,570,13254,2429,9507,1013,1715,305,34610,955,118,121,280,34,319,35,32,10,13,121,8,20781,464,213,0,22,6108,506,233,244,128,3501,493,13,7861,1150,1346,1528,94,1500,7992,1230,82,260,26,1877,28322,521,5320,1956,52,4927,122496,1004,301,39932,19,33,3,11
2020-06-21,581,44,845,1011,350,102,690,154,63,1464,346,9696,773,169,50591,199,303,8482,4479,4639,2237,130,12,54,107,336,600,662,4223,2193,98,74,326,29643,34,8895,85,190,531,27,363,570,13699,2465,9623,1100,1715,306,34634,955,120,123,280,35,326,40,32,10,14,121,8,21825,473,214,0,23,6109,518,238,244,131,3590,501,13,8045,1169,1356,1530,98,1512,8101,1267,84,261,26,1930,28323,521,5341,1956,52,4950,122781,1012,302,39963,19,33,3,11
2020-06-22,598,44,852,1043,360,102,690,161,65,1502,351,9696,820,171,51271,207,308,8494,4502,4639,2310,135,12,56,107,336,602,669,4223,2278,107,75,327,29666,39,8899,85,190,547,27,395,572,14011,2500,9742,1167,1717,307,34657,955,127,125,281,36,330,40,32,10,15,121,8,22584,480,214,0,23,6109,525,247,248,137,3695,521,13,8223,1177,1359,1534,99,1523,8196,1307,86,262,26,1991,28324,533,5366,1956,52,4974,123170,1022,303,39976,19,35,3,11
2020-06-23,618,45,861,1078,372,103,693,167,67,1545,357,9713,846,172,52645,208,313,8512,4505,4640,2404,135,12,58,107,339,603,675,4274,2365,113,75,327,29723,39,8914,95,190,582,28,405,573,14476,2535,9863,1251,1720,308,34675,965,134,128,281,37,334,42,32,17,15,121,8,23377,490,214,0,24,6114,533,251,248,140,3755,536,13,8404,1186,1375,1540,99,1539,8349,1346,89,263,26,2102,28325,548,5388,1956,52,5001,124017,1045,305,40070,19,35,3,18
2020-06-24,639,47,869,1116,386,104,693,174,69,1582,362,9722,876,173,53830,209,313,8544,4731,4640,2491,142,12,58,107,343,603,691,4274,2450,119,78,327,29734,39,8928,95,190,601,29,417,576,14894,2573,9996,1330,1726,308,34644,967,136,130,282,38,337,43,33,18,16,121,8,24324,495,216,0,24,6116,542,259,249,142,3903,547,13,8586,1204,1396,1543,104,1555,8503,1387,93,263,26,2205,28327,548,5412,1958,52,5025,124776,1061,307,40157,19,38,3,18
2020-06-25,675,49,878,1150,397,104,698,180,71,1621,367,9726,913,175,54971,211,313,8567,4903,4641,2654,142,12,60,107,345,603,698,4343,2533,126,81,327,29755,40,8940,95,191,623,29,426,577,15301,2620,10130,1437,1727,309,34678,971,140,132,282,40,339,43,33,18,16,121,8,25060,502,217,0,26,6119,549,265,249,144,3962,564,13,8761,1212,1412,1549,106,1565,8594,1428,94,264,26,2292,28330,556,5424,1958,52,5046,125327,1078,308,40256,20,39,3,18
2020-06-26,683,51,885,1184,410,104,698,187,73,1661,373,9731,934,178,55961,215,313,8571,5068,4641,2811,149,12,64,107,349,604,712,4406,2620,133,89,328,29781,40,8965,103,191,672,29,471,578,15685,2683,10239,1559,1730,314,34708,971,150,137,282,42,341,46,33,18,16,121,8,25779,515,218,0,27,6122,554,268,249,153,4035,575,13,8939,1224,1429,1555,109,1579,8770,1474,98,265,26,2340,28338,572,5438,1962,52,5065,125944,1097,310,40333,20,41,3,21
2020-06-27,703,53,892,1207,421,104,700,193,78,1695,377,9732,970,178,57070,216,313,8576,5347,4641,2939,153,14,66,107,349,604,718,4424,2708,143,94,328,29781,40,8968,103,191,706,30,479,578,16095,2720,10364,1660,1734,317,34716,971,166,141,282,44,344,46,33,18,16,121,8,26381,521,220,0,28,6124,558,277,249,159,4118,592,15,9135,1236,1435,1561,110,1589,8958,1511,102,267,26,2413,28341,572,5460,1962,52,5082,126448,1121,311,40373,20,42,4,21
2020-06-28,721,55,897,1232,426,104,702,198,83,1738,383,9732,1014,178,57622,219,313,8582,5509,4641,3178,157,15,66,107,348,604,726,4429,2789,152,98,328,29781,40,8968,112,191,727,31,479,581,16475,2754,10508,1756,1735,318,34738,972,178,143,282,48,348,50,34,21,18,121,8,26648,530,221,0,28,6124,565,286,249,163,4167,604,15,9317,1244,1438,1564,110,1612,9060,1551,105,270,26,2456,28343,572,5478,1962,52,5097,126721,1142,313,40404,22,44,4,22
2020-06-29,733,58,905,1280,433,104,703,206,84,1783,387,9732,1071,184,58314,223,313,8628,5575,4641,3274,167,15,66,107,348,605,733,4502,2872,164,103,328,29816,42,8976,112,191,746,31,485,585,16893,2805,10670,1839,1735,319,34744,972,188,144,282,49,350,57,34,23,20,121,8,27121,536,225,0,29,6126,573,298,249,169,4304,620,16,9504,1255,1444,1568,113,1634,9152,1599,108,274,26,2529,28346,572,5498,1962,52,5115,127098,1161,314,40425,23,48,5,22
2020-06-30,746,62,912,1307,443,104,705,213,87,1847,392,9747,1123,186,59594,230,313,8650,5688,4641,3334,170,16,68,107,349,605,747,4527,2953,174,103,328,29846,42,8990,112,192,773,33,497,585,17400,2876,10817,1943,1736,320,34767,972,188,148,282,49,354,61,34,24,20,121,9,27769,545,228,0,29,6132,590,302,250,176,4395,631,17,9677,1266,1463,1576,113,1651,9306,1649,112,277,26,2657,28355,572,5515,1963,52,5131,127723,1173,315,40479,26,51,8,24
2020-07-01,774,65,920,1351,453,104,705,220,92,1888,398,9754,1201,188,60632,232,313,8678,5753,4641,3470,175,17,68,108,349,606,754,4576,3034,182,103,328,29864,42,8995,117,192,817,33,542,586,17834,2934,10958,2050,1738,322,34788,976,188,149,282,51,358,66,34,25,22,121,9,28510,549,228,0,30,6134,603,306,251,185,4473,645,19,9860,1270,1477,1579,115,1667,9521,1698,116,281,26,2749,28364,602,5530,1965,52,5150,128417,1188,316,40576,26,54,8,30
2020-07-02,807,69,928,1385,459,104,705,228,94,1926,405,9761,1271,189,61884,232,313,8700,5920,4641,3641,176,18,68,110,353,606,765,4639,3120,191,103,328,29878,42,9006,117,192,843,33,591,587,18213,2987,11106,2160,1738,324,34818,977,188,152,282,54,359,76,35,26,24,121,10,29189,560,229,0,31,6137,616,321,251,188,4551,667,19,10045,1274,1492,1587,118,1687,9668,1752,121,287,26,2844,28368,602,5538,1965,52,5167,129144,1200,317,40617,27,57,9,30
2020-07-03,819,72,937,1437,469,104,705,235,95,1968,412,9765,1320,191,63174,239,313,8722,6051,4641,3777,179,18,70,112,353,606,775,4700,3201,202,103,329,29896,44,9010,117,192,880,33,605,588,18655,3036,11260,2262,1740,326,34833,977,188,154,283,55,360,76,35,27,26,121,10,29843,572,230,0,32,6139,628,328,251,193,4551,698,19,10226,1280,1507,1598,121,1708,9844,1802,125,298,26,2952,28385,604,5553,1965,52,5186,129804,1227,318,40666,29,59,11,30
2020-07-04,826,74,946,1481,477,104,705,241,96,1997,418,9771,1378,191,64265,241,313,8732,6192,4641,3942,182,18,72,113,351,606,786,4769,3280,210,103,329,29896,44,9020,117,192,920,34,629,589,19268,3089,11408,2368,1741,330,34854,977,188,159,283,58,365,78,35,27,29,121,10,30366,580,232,0,34,6145,634,334,251,203,4619,720,20,10412,1290,1512,1605,123,1731,10011,1858,129,306,26,3026,28385,608,5562,1965,52,5206,130069,1243,321,40698,31,62,13,30
2020-07-05,864,76,952,1507,484,106,706,250,97,2052,423,9771,1434,191,64867,246,313,8739,6308,4641,4064,182,19,74,113,348,606,794,4781,3343,217,103,329,29896,44,9023,122,192,947,34,639,589,19693,3171,11571,2473,1741,331,34861,977,188,160,284,66,368,88,36,32,32,121,11,30639,585,235,0,34,6146,645,341,251,213,4762,747,20,10589,1297,1517,1614,128,1750,10145,1916,133,311,26,3199,28385,608,5578,1965,53,5225,130357,1265,323,40717,34,65,16,30
2020-07-06,898,79,959,1582,491,106,706,258,98,2096,429,9774,1476,199,65487,250,313,8748,6384,4641,4210,182,23,75,113,350,607,804,4821,3422,223,103,329,29923,46,9022,129,192,981,34,656,589,20159,3241,11731,2567,1741,334,34869,978,264,164,285,75,373,99,36,34,33,121,12,31119,592,237,0,35,6147,654,346,251,218,4839,770,20,10772,1303,1521,1620,133,1768,10280,1968,136,317,26,3310,28388,616,5590,1965,53,5241,130712,1278,324,40728,37,68,17,30
2020-07-07,920,81,968,1644,503,106,706,265,98,2151,436,9774,1530,207,66741,254,359,8765,6434,4641,4359,182,23,76,113,351,609,821,4873,3489,229,103,329,29936,46,9032,129,193,1004,34,677,589,20642,3309,11931,2685,1742,342,34899,981,264,167,285,79,377,107,36,35,33,121,12,32014,603,240,0,35,6151,669,351,251,224,4922,799,20,10952,1309,1528,1629,134,1799,10478,2017,137,330,26,3502,28392,622,5601,1966,53,5260,131934,1299,326,40782,41,71,18,42
2020-07-08,936,83,978,1694,521,106,706,274,98,2197,443,9776,1577,209,67964,259,359,8786,6573,4641,4527,182,25,78,114,351,609,829,4873,3564,235,120,329,29936,46,9046,129,193,1053,34,694,589,21129,3359,12084,2779,1738,344,34914,982,264,169,287,82,379,116,36,36,33,121,13,32796,614,242,0,35,6154,684,359,251,233,4983,819,20,11133,1314,1542,1631,138,1817,10650,2059,141,341,26,3602,28396,636,5616,1966,54,5282,132797,1323,327,40839,45,75,20,42
2020-07-09,957,83,988,1720,535,106,706,284,103,2238,449,9778,1638,214,69184,262,359,8797,6682,4641,4714,189,25,79,115,352,609,842,4900,3617,243,120,329,29982,46,9057,129,193,1092,36,704,591,21604,3417,12305,2882,1743,348,34926,982,264,173,288,86,382,122,36,38,33,121,13,33526,624,242,0,35,6156,689,362,252,236,5058,839,20,11314,1314,1551,1644,142,1834,10826,2100,143,352,26,3720,28401,641,5630,1966,54,5300,133800,1344,328,40870,51,80,24,42
2020-07-10,971,85,996,1774,546,107,706,292,104,2275,454,9781,1702,216,70398,267,359,8811,6781,4641,4925,189,26,81,117,352,609,864,4939,3702,249,124,329,30007,46,9063,135,193,1139,37,750,593,22123,3469,12447,2960,1744,351,34938,982,264,181,288,94,383,125,36,38,34,121,13,34191,635,243,1,35,6155,709,368,252,244,5123,863,20,11500,1360,1562,1646,146,1847,11000,2151,145,370,26,3860,28403,649,5641,1966,55,5323,134624,1362,330,40904,54,83,27,42
2020-07-11,994,89,1004,1810,559,108,706,298,104,2305,459,9782,1754,219,71469,267,359,8818,6881,4641,5119,189,28,82,118,352,609,880,5031,3769,254,124,329,30007,46,9070,135,193,1172,37,771,595,22673,3535,12635,3055,1746,354,34945,982,264,184,289,97,386,129,36,38,34,122,13,34730,640,245,1,38,6156,724,376,252,248,5197,893,21,11682,1372,1568,1654,146,1871,11188,2181,145,382,26,3971,28403,650,5650,1968,55,5344,135314,1389,331,40921,57,85,33,42
2020-07-12,1010,93,1011,1845,565,108,708,306,108,2352,464,9782,1807,221,72100,268,359,8829,6979,4641,5307,189,30,84,119,352,609,897,5047,3858,260,127,329,30007,46,9071,139,193,1219,37,774,595,23174,3606,12829,3150,1746,362,34954,983,375,185,289,101,390,147,36,39,35,122,13,35006,642,250,1,38,6156,740,382,252,257,5266,909,22,11870,1534,1571,1660,147,1884,11318,2223,148,393,26,4079,28403,650,5664,1968,55,5363,135773,1400,333,40930,60,89,36,42
2020-07-13,1012,95,1018,1903,573,108,708,313,109,2391,468,9782,1866,226,72833,276,359,8836,7024,4641,5455,190,34,84,119,353,610,903,5063,3935,267,128,329,30032,46,9074,139,193,1244,37,789,595,23727,3656,13032,3250,1746,365,34967,984,375,197,289,102,393,149,36,40,37,122,13,35491,649,255,1,38,6156,744,385,253,259,5320,932,25,12054,1599,1576,1662,149,1901,11422,2243,150,405,26,4172,28406,657,5672,1968,55,5382,136140,1415,334,40940,64,93,39,42
2020-07-14,1048,97,1028,1968,581,111,709,319,111,2424,474,9787,1898,226,74133,283,359,8845,7069,4642,5625,190,37,87,120,355,610,910,5130,4008,278,139,329,30032,46,9078,139,193,1302,38,807,595,24309,3710,13211,3345,1746,371,34984,984,375,202,289,108,396,149,37,42,39,122,14,36327,655,257,2,38,6154,754,389,253,273,5386,960,25,12229,1603,1588,1668,150,1931,11597,2283,150,418,27,4346,28409,659,5678,1968,56,5402,137066,1429,335,40984,67,96,44,42
2020-07-15,1094,101,1040,2050,592,113,710,326,117,2457,480,9788,1942,235,75366,289,359,8857,7186,4644,5814,192,40,87,120,355,610,929,5158,4067,286,146,328,30123,46,9080,139,193,1350,38,825,595,24914,3797,13410,3432,1748,376,34997,984,375,209,291,112,399,165,38,43,43,122,14,36906,659,259,2,39,6155,760,393,253,281,5426,982,25,12417,1614,1594,1676,151,1952,11753,2325,153,429,27,4453,28413,668,5686,1968,56,5419,138034,1444,335,41010,71,100,44,42
2020-07-16,1113,104,1052,2112,607,116,711,334,121,2496,485,9795,1984,240,76688,293,373,8875,7290,4644,6029,193,42,87,120,355,610,941,5207,4120,298,148,328,30141,46,9087,139,193,1404,39,835,595,25602,3873,13608,3522,1749,384,35017,985,375,217,293,118,402,167,40,46,53,122,15,37574,666,263,2,39,6156,769,401,254,290,5426,1000,27,12615,1643,1605,1679,152,1971,11920,2370,156,442,27,4669,28416,668,5694,1969,56,5440,138977,1462,335,41034,75,104,51,42
2020-07-17,1147,107,1057,2178,620,118,711,341,124,2547,491,9800,2049,245,77851,297,373,8884,8347,4645,6288,193,47,87,120,358,611,942,5250,4188,309,150,328,30155,46,9088,144,194,1443,39,857,595,26273,3957,13791,3616,1752,392,35028,985,375,222,294,124,404,173,40,47,54,122,15,38310,675,264,2,40,6157,772,406,255,298,5522,1038,28,12799,1660,1612,1682,153,1988,12106,2407,160,452,27,4804,28420,668,5705,1969,56,5458,139907,1473,337,41060,79,107,53,109
2020-07-18,1164,111,1068,2220,631,122,711,349,124,2581,495,9800,2106,246,78772,299,373,8892,8445,4646,6516,193,54,91,120,358,611,971,5282,4251,324,163,328,30155,46,9091,145,194,1449,39,891,596,26816,4016,13979,3691,1753,401,35042,986,375,225,295,130,407,900,40,48,55,122,15,38888,680,269,2,40,6155,778,414,255,308,5568,1071,29,12998,1773,1618,1684,154,2009,12228,2447,163,461,27,4948,28420,673,5715,1969,57,5475,140775,1496,338,41069,83,110,59,120
2020-07-19,1181,112,1078,2260,641,123,711,354,126,2618,499,9800,2151,249,79488,300,373,8896,8503,4646,6736,194,62,92,120,359,611,981,5313,4302,335,167,328,30155,46,9092,148,194,1485,39,900,596,27497,4143,14188,3781,1753,409,35045,986,375,234,296,135,408,1037,40,48,59,123,15,39184,684,273,3,40,6155,789,422,255,318,5599,1096,31,13187,1831,1624,1689,157,2026,12323,2486,167,472,27,5033,28420,693,5722,1969,57,5491,141222,1504,339,41080,87,112,62,120
2020-07-20,1185,113,1087,2373,650,126,711,363,128,2668,503,9805,2218,255,80120,308,373,8902,8633,4646,6929,194,66,92,122,359,611,993,5318,4352,344,170,328,30180,46,9094,153,195,1502,40,935,596,28082,4239,14405,3869,1753,415,35058,988,585,238,296,139,408,1037,41,49,62,123,15,39485,695,276,4,40,6155,801,432,255,326,5639,1127,33,13384,1835,1627,1691,159,2038,12408,2523,170,482,27,5173,28422,693,5729,1971,57,5508,141736,1517,340,41090,90,116,63,128
2020-07-21,1186,117,1100,2490,662,128,710,376,129,2709,507,9805,2273,264,81487,313,382,8908,8677,4648,7166,196,68,93,123,360,611,999,5366,4399,352,180,328,30168,46,9099,153,197,1531,41,988,596,28732,4320,14634,3950,1753,425,35073,988,585,250,297,144,412,1079,41,50,65,123,15,40400,707,280,7,40,6155,805,432,255,337,5677,1159,35,13579,1837,1636,1697,160,2074,12561,2557,174,491,27,5368,28424,693,5736,1972,57,5526,142843,1537,341,41115,95,120,64,128
2020-07-22,1190,120,1111,2588,678,133,711,385,130,2751,513,9808,2328,268,82771,321,382,8913,8722,4648,7373,197,71,93,125,364,611,1005,5418,4440,363,188,328,30175,47,9102,153,200,1573,41,1006,596,29861,4459,14853,4042,1754,430,35082,990,585,260,297,150,417,1111,43,53,69,123,15,41190,712,285,7,42,6158,813,442,255,349,5709,1180,36,13767,1843,1642,1702,163,2101,12726,2601,177,499,27,5940,28426,708,5742,1972,58,5545,144059,1553,342,41132,98,124,66,128
2020-07-23,1211,123,1124,2702,688,139,711,391,134,2801,519,9812,2407,274,84082,329,382,8919,8838,4649,7688,201,80,93,128,365,612,1006,5439,4480,372,197,328,30185,47,9110,153,201,1632,42,1011,596,30601,4576,15074,4122,1763,442,35092,992,585,263,298,158,421,1211,43,56,70,123,15,41908,719,292,7,43,6158,833,445,255,355,5763,1209,36,17654,1871,1651,1705,164,2126,12873,2635,178,508,27,6093,28429,708,5746,1975,58,5563,145153,1570,342,41141,103,129,67,134
2020-07-24,1225,128,1136,2807,692,145,711,400,136,2836,524,9817,2473,280,85238,337,385,8923,8914,4650,7975,201,87,94,128,369,613,1036,5468,4518,379,200,329,30195,49,9120,161,201,1669,42,1061,596,31358,4665,15289,4212,1763,448,35097,994,585,274,298,164,425,1211,46,57,76,123,15,42645,726,299,7,44,6158,845,451,255,359,5787,1250,38,17843,1879,1655,1712,164,2150,13026,2672,182,518,27,6343,28432,715,5747,1977,58,5580,146285,1591,343,41173,106,134,70,136
2020-07-25,1248,134,1146,2893,700,155,712,408,137,2874,530,9821,2535,280,86449,338,385,8929,9020,4652,8269,204,98,94,133,369,613,1055,5507,4558,390,209,329,30195,49,9124,161,201,1699,42,1098,596,32060,4714,15484,4284,1764,457,35102,996,585,278,298,169,429,1249,47,58,78,123,15,43374,732,305,7,45,6159,856,460,255,371,5822,1275,40,17843,1897,1664,1716,164,2165,13172,2703,187,518,27,6655,28432,717,5749,1977,59,5596,147184,1610,343,41188,111,138,75,139
2020-07-26,1259,138,1155,2939,705,161,712,417,140,2928,534,9821,2583,280,87004,340,385,8934,9112,4652,8525,204,104,96,136,371,613,1063,5515,4606,400,223,329,30195,49,9124,168,202,1734,43,1116,596,32771,4781,15700,4362,1764,470,35107,998,585,280,299,177,433,1277,51,60,85,124,15,43680,735,313,8,45,6178,858,460,255,384,5822,1294,41,17843,1932,1671,1717,165,2187,13249,2733,191,534,27,6769,28432,717,5755,1977,59,5613,147656,1625,344,41196,116,142,76,139
2020-07-27,1269,144,1163,3059,711,167,713,423,141,2965,538,9822,2647,294,87618,347,391,8945,9187,4656,8777,208,115,96,139,373,613,1083,5532,4652,408,228,329,30212,49,9125,168,202,1761,45,1166,596,33408,4838,15912,4458,1764,474,35112,998,585,285,300,185,438,1301,51,64,91,124,15,44022,748,316,8,48,6160,860,466,255,393,5842,1322,43,18418,1945,1676,1719,165,2206,13334,2760,194,543,27,7067,28434,720,5759,1978,60,5630,148776,1636,345,41199,121,146,78,140
2020-07-28,1270,148,1174,3179,719,176,713,430,141,3000,543,9833,2720,297,88539,355,391,8957,9240,4657,9074,208,125,98,140,374,613,1101,5584,4691,417,239,329,30226,49,9131,168,203,1782,46,1214,596,34193,4901,16147,4535,1764,486,35123,1001,793,299,300,192,442,1329,54,67,93,124,15,44876,753,327,8,49,6164,868,471,255,402,5865,1349,45,18612,1947,1682,1722,167,2239,13483,2789,198,551,27,7257,28436,725,5760,1978,60,5645,150150,1650,347,41220,124,151,79,142
2020-07-29,1271,150,1186,3288,723,189,716,438,144,3035,548,9836,2808,316,90134,368,391,8962,9278,4658,9454,210,133,99,141,374,614,1123,5623,4728,430,253,329,30226,49,9135,175,203,1835,46,1259,596,34955,4975,16343,4603,1764,491,35129,1001,793,311,300,196,444,1347,55,76,99,124,15,45361,759,334,9,49,6166,873,476,255,412,5892,1374,46,18816,1962,1694,1725,169,2269,13650,2816,200,558,27,7497,28441,725,5760,1979,60,5659,151582,1673,347,41254,131,156,80,146
2020-07-30,1271,154,1200,3441,728,196,718,441,146,3083,553,9840,2894,328,91263,374,391,8974,9377,4659,9810,215,140,100,144,379,615,1146,5657,4774,439,263,329,30241,49,9144,175,203,1867,46,1312,596,35718,5058,16569,4671,1763,500,35132,1007,793,325,301,212,445,1364,57,73,105,124,16,46000,771,346,10,52,6166,878,480,255,421,5924,1397,47,18816,1983,1709,1727,171,2304,13778,2842,204,565,27,7812,28443,725,5763,1980,60,5674,152791,1697,349,41254,136,158,81,149
2020-07-31,1272,157,1210,3543,738,201,718,448,147,3111,559,9841,2977,339,92475,383,391,8980,9457,4661,10105,215,150,102,145,382,615,1160,5702,4805,448,274,329,30268,49,9147,182,206,1924,46,1337,596,36511,5131,16766,4741,1763,512,35141,1008,793,341,301,212,447,1378,61,74,106,125,16,46688,778,353,10,56,6166,879,486,255,421,5951,1421,49,19021,2023,1716,1735,174,2343,13939,2866,205,573,27,8005,28445,746,5766,1981,60,5691,154034,1717,351,41274,141,164,82,151
2020-08-01,1283,161,1223,3596,749,208,718,454,147,3132,563,9845,3064,339,93563,385,391,8986,9533,4667,10330,215,154,102,145,383,615,1170,5736,4834,459,284,329,30268,50,9154,182,206,1959,46,1368,597,37364,5193,16982,4805,1763,526,35146,1012,793,364,301,212,453,1397,61,80,107,125,17,47472,788,367,11,56,6167,883,493,255,421,5951,1449,52,19021,2039,1721,1737,174,2379,14034,2887,209,582,27,8153,28445,752,5767,1981,60,5710,155149,1733,351,41287,147,169,83,165
2020-08-02,1284,166,1231,3648,754,221,718,462,147,3154,567,9845,3153,352,94104,388,391,8990,9608,4669,10650,215,162,102,149,384,615,1178,5736,4865,467,310,329,30268,50,9154,182,208,1995,46,1377,597,38135,5236,17190,4868,1763,536,35154,1013,793,369,301,249,457,1409,62,83,114,125,18,47746,791,382,11,57,6169,888,497,255,421,5976,1471,52,19614,2059,1731,1738,177,2413,14104,2917,209,590,27,8366,28445,752,5772,1981,61,5728,155552,1749,351,41292,151,174,84,170
2020-08-03,1288,172,1239,3813,762,232,718,468,150,3184,571,9850,3228,362,94665,404,391,8995,9707,4672,11017,215,171,102,153,386,616,1183,5767,4888,477,336,329,30268,51,9154,191,209,2013,46,1384,597,38938,5302,17405,4934,1763,546,35166,1018,793,382,301,256,461,1420,65,93,118,125,18,48012,800,401,12,57,6169,896,500,256,421,5999,1497,55,19811,2104,1732,1738,177,2432,14183,2949,211,598,27,8539,28472,752,5774,1981,61,5747,156082,1762,351,41293,157,180,84,171
2020-08-04,1288,176,1248,3979,768,247,719,473,151,3234,574,9852,3320,373,95819,415,391,9005,9745,4676,11315,215,181,103,154,383,616,1213,5808,4912,486,343,331,30297,51,9163,191,209,2037,48,1400,598,39795,5388,17617,5017,1763,561,35171,1023,1058,388,302,296,465,1427,65,96,123,125,19,48869,810,417,12,58,6170,910,505,256,421,5999,1522,59,20007,2115,1738,1739,177,2480,14327,2984,214,605,27,8884,28498,763,5775,1981,61,5765,157460,1788,351,41311,165,187,86,173
2020-08-05,1294,182,1261,4106,770,255,719,476,154,3267,577,9859,3385,379,97256,424,391,9010,9792,4677,11624,215,191,103,154,388,616,1222,5847,4930,498,356,331,30297,51,9179,199,210,2072,49,1423,599,40699,5452,17802,5094,1763,565,35181,1028,1058,391,302,296,468,1438,68,99,127,125,19,49698,823,435,12,60,6173,927,511,256,488,6014,1553,61,20228,2123,1756,1740,178,2521,14465,3020,218,614,27,9298,28499,763,5780,1984,61,5784,158836,1813,353,41325,171,195,89,176
2020-08-06,1298,188,1273,4251,772,266,719,479,156,3306,580,9861,3465,384,98493,435,391,9013,9889,4680,11939,215,200,103,155,390,617,1246,5877,4951,513,365,331,30308,51,9181,199,210,2119,49,1446,600,41585,5521,17976,5161,1768,576,35187,1034,1058,399,303,300,469,1447,70,107,134,125,19,50517,828,449,15,65,6173,930,517,256,492,6035,1574,66,20424,2150,1774,1743,178,2566,14579,3055,223,621,27,9604,28500,763,5783,1985,62,5798,160089,1846,354,41343,175,202,92,199
2020-08-07,1307,189,1282,4411,777,278,720,483,159,3333,583,9866,3524,394,99572,442,391,9017,9958,4681,12250,218,218,104,155,389,617,1259,5897,4971,520,380,331,30327,51,9195,206,210,2168,50,1465,602,42518,5593,18132,5236,1772,581,35190,1042,1058,413,304,303,471,1451,70,108,135,125,19,51311,835,461,16,70,6174,936,519,256,502,6052,1591,69,20649,2168,1787,1746,180,2616,14698,3093,225,626,27,9909,28503,773,5785,1986,62,5813,161331,1879,356,41355,181,208,94,200
2020-08-08,1312,193,1293,4523,785,295,721,488,161,3365,585,9870,3587,394,100477,445,395,9024,10011,4681,12540,218,228,104,157,389,617,1289,5916,4992,536,390,331,30327,51,9201,206,211,2197,50,1476,602,43379,5658,18264,5310,1772,593,35203,1042,1058,418,305,303,474,1459,78,113,141,125,19,52006,841,480,16,73,6178,942,523,256,509,6068,1609,72,20649,2209,1800,1750,182,2659,14827,3130,229,632,27,10210,28503,773,5789,1986,62,5829,162408,1906,356,41358,187,215,96,203
2020-08-09,1312,199,1302,4606,791,313,721,490,162,3399,587,9872,3640,394,101049,447,395,9028,10077,4686,12842,224,235,105,157,390,617,1309,5922,5009,549,407,331,30327,51,9202,215,212,2211,50,1495,602,44386,5723,18427,5392,1772,600,35205,1047,1058,420,305,303,478,1468,78,119,148,125,19,52298,845,498,19,75,6178,945,527,256,513,6082,1639,75,21072,2270,1807,1756,184,2700,14903,3167,232,641,27,10408,28503,781,5791,1986,62,5844,162919,1925,357,41363,194,223,97,235
2020-08-10,1328,200,1312,4764,796,331,723,492,163,3438,589,9879,3712,425,101752,459,395,9034,10139,4689,13154,224,244,105,158,390,620,1328,5932,5035,563,420,333,30327,51,9203,215,213,2222,50,1506,605,45257,5765,18616,5464,1772,613,35209,1052,1058,423,305,341,482,1474,80,125,151,125,19,53003,850,516,19,79,6178,950,528,256,521,6097,1664,82,21276,2294,1809,1759,188,2729,14973,3199,236,646,27,10621,28576,781,5795,1987,62,5858,163446,1950,357,41381,200,229,100,241
2020-08-11,1344,205,1322,5004,803,352,723,495,165,3471,592,9885,3761,447,103026,471,398,9038,10178,4693,13475,225,255,105,160,391,621,1346,5951,5059,570,440,333,30328,51,9208,215,214,2233,50,1515,605,46091,5824,18800,5531,1773,622,35215,1058,1269,438,305,341,486,1478,87,132,152,125,20,53929,857,533,19,83,6162,956,529,256,533,6112,1680,86,21501,2312,1821,1761,188,2764,15103,3233,238,652,27,10751,28581,786,5798,1990,63,5873,164510,1979,358,41394,204,238,104,241
2020-08-12,1354,208,1333,5213,806,361,724,497,166,3513,595,9900,3827,453,104201,482,401,9052,10205,4697,13837,225,263,105,160,391,621,1371,5984,5085,577,463,333,30375,51,9213,223,216,2267,50,1533,605,47033,5903,18988,5588,1774,639,35225,1066,1269,456,305,341,489,1484,89,132,156,125,21,54666,863,556,22,91,6182,956,530,256,539,6129,1703,93,21501,2404,1830,1764,190,2807,15231,3269,242,658,27,11010,28579,786,5803,1991,63,5891,166015,1999,358,41414,211,247,105,246
2020-08-13,1363,213,1341,5362,809,375,725,500,167,3557,599,9916,3884,458,105463,482,401,9063,10299,4700,14145,234,272,107,161,391,621,1393,6010,5107,584,479,333,30392,51,9217,223,221,2296,50,1542,607,48040,5968,19162,5641,1774,651,35231,1073,1269,460,305,365,489,1487,92,135,162,125,21,55293,878,584,27,95,6187,966,532,257,551,6139,1722,97,21713,2426,1844,1770,190,2860,15353,3303,244,661,27,11270,28605,792,5803,1991,63,5912,167085,2023,358,41432,216,259,106,246
2020-08-14,1363,219,1351,5527,814,379,725,504,168,3591,603,9924,3939,469,106523,492,401,9068,10340,4701,14492,238,281,108,163,394,621,1409,6030,5124,595,492,333,30410,51,9230,223,223,2341,50,1548,607,49036,6021,19331,5709,1774,665,35234,1080,1269,465,305,381,494,1491,94,139,164,125,22,55908,884,611,31,99,6189,973,535,261,557,6153,1734,108,25856,2442,1858,1772,190,2904,15467,3338,249,665,27,11556,28617,793,5804,1991,63,5934,168423,2042,359,41443,220,266,106,256
2020-08-15,1370,225,1360,5637,817,396,728,506,170,3625,603,9935,4003,471,107232,495,401,9072,10395,4703,14810,239,291,108,165,395,621,1438,6065,5141,603,509,333,30410,51,9235,231,226,2355,50,1567,607,49980,6071,19492,5785,1774,674,35392,1093,1269,472,305,390,498,1493,97,145,166,125,22,56543,895,632,35,102,6191,974,539,261,562,6162,1746,127,25856,2600,1869,1775,192,2954,15585,3369,251,670,27,11677,28617,796,5804,1991,64,5955,169457,2076,361,41446,225,276,108,260
2020-08-16,1375,228,1370,5703,818,421,728,506,170,3657,610,9939,4058,471,107852,498,401,9074,10452,4703,15097,240,294,110,166,397,621,1453,6070,5160,612,528,333,30410,51,9235,231,228,2379,51,1575,608,50921,6150,19639,5860,1774,685,35396,1103,1269,474,305,390,501,1495,103,153,170,125,22,56757,896,658,35,104,6194,975,544,261,572,6175,1767,138,26075,2665,1877,1778,193,2991,15653,3408,253,674,27,11839,28617,798,5806,1991,64,5974,170028,2100,364,41451,232,281,110,260
2020-08-17,1375,230,1379,5814,824,438,729,508,173,3694,613,9944,4123,486,108536,512,403,9075,10513,4703,15372,243,304,110,166,399,621,1481,6083,5173,618,544,334,30434,53,9236,239,230,2389,51,1583,608,51797,6207,19804,5954,1774,692,35400,1112,1269,482,306,390,502,1496,105,157,171,125,23,57023,908,681,36,107,6194,977,547,261,588,6175,1788,145,26281,2681,1885,1779,193,3029,15707,3436,256,677,27,11982,28646,803,5812,1991,64,5996,170474,2122,364,41454,236,288,113,264
2020-08-18,1375,232,1391,6048,832,450,729,509,175,3740,617,9959,4172,495,109888,519,406,9090,10546,4705,15619,243,314,110,166,401,621,1489,6105,5184,625,572,334,30434,53,9241,248,232,2419,52,1593,609,52888,6277,19972,6036,1775,708,35405,1135,1415,487,306,390,505,1498,107,164,173,125,24,57774,908,714,37,114,6197,981,549,262,597,6190,1809,161,26481,2687,1896,1784,193,3074,15836,3470,256,681,27,12264,28670,805,5813,1992,65,6016,171799,2152,366,41466,242,297,113,264
2020-08-19,1375,234,1402,6330,833,463,729,510,178,3781,622,9969,4233,507,111100,527,406,9095,10578,4706,15979,246,321,111,168,404,621,1501,6146,5197,633,600,334,30434,53,9249,256,235,2467,53,1608,609,53866,6346,20125,6121,1775,781,35412,1148,1415,506,307,390,507,1498,109,169,173,125,24,58481,914,743,39,120,6204,985,551,262,603,6201,1827,165,26658,2795,1913,1786,193,3106,15951,3506,258,684,27,12423,28797,808,5814,1996,65,6039,173152,2182,367,41483,248,303,119,269
2020-08-20,1385,238,1411,6517,836,472,729,510,179,3822,627,9976,4305,515,112304,532,408,9097,10671,4709,16183,247,333,112,168,406,621,1505,6200,5212,640,620,334,30434,53,9263,261,235,2506,53,1619,609,54849,6418,20264,6208,1776,795,35418,1157,1415,516,309,390,509,1498,113,173,177,125,24,59106,921,775,41,126,6215,992,554,264,609,6209,1844,170,26834,2883,1925,1788,193,3154,16058,3548,261,689,27,12618,28813,812,5815,1998,66,6058,174231,2225,369,41489,252,311,120,274
2020-08-21,1385,240,1418,6730,842,485,730,512,181,3861,632,9985,4366,526,113358,539,408,9110,10723,4709,16568,248,340,112,169,411,621,1533,6248,5231,646,637,334,30508,53,9266,261,238,2532,53,1632,611,55794,6500,20376,6283,1776,809,35427,1175,1415,532,309,448,511,1055,116,180,178,125,26,59610,929,817,42,137,6219,996,557,264,609,6219,1859,182,27034,2940,1938,1792,193,3196,16148,3580,262,692,27,12843,28838,812,5816,2000,66,6080,175336,2248,370,41491,260,317,122,277
2020-08-22,1385,245,1424,6848,850,502,732,515,183,3907,637,9988,4442,532,114250,539,408,9117,10792,4711,16968,251,348,113,170,411,622,1554,6277,5243,654,662,334,30517,53,9272,261,240,2580,53,1643,611,56706,6594,20502,6353,1777,819,35430,1179,1415,542,309,448,513,1055,121,188,178,125,26,60254,935,858,46,146,6225,997,563,264,609,6231,1878,192,27245,2966,1951,1794,193,3233,16268,3619,266,695,27,12987,28838,815,5816,2000,66,6102,176318,2286,372,41509,267,323,125,279
2020-08-23,1387,250,1435,6985,852,517,732,518,184,3941,642,9992,4509,532,114744,545,408,9119,10852,4711,17316,251,355,113,171,412,622,1567,6310,5262,661,678,334,30518,53,9275,261,242,2594,53,1654,613,57542,6680,20643,6428,1777,834,35437,1188,1415,548,309,467,515,1056,123,188,178,125,26,60480,940,888,52,149,6225,1002,564,264,609,6244,1892,205,27453,2998,1955,1796,193,3272,16341,3649,269,698,27,13059,28838,815,5816,2001,66,6121,176768,2313,375,41515,273,329,128,280
2020-08-24,1389,254,1446,7366,854,525,733,519,185,3983,646,9996,4578,547,115309,563,408,9129,10916,4711,17612,251,362,114,173,415,623,1573,6322,5280,669,692,335,30533,53,9276,263,242,2611,55,1683,613,58390,6759,20776,6519,1777,847,35441,1201,1415,554,310,467,518,1057,126,199,178,125,27,60800,945,920,56,157,6227,1004,568,264,637,6244,1906,219,27663,3010,1960,1801,194,3309,16406,3691,272,701,27,13159,28872,818,5816,2001,67,6139,177210,2335,376,41519,280,337,133,280
2020-08-25,1397,259,1456,7563,858,549,733,521,186,4028,652,9996,4664,560,116580,572,410,9136,10958,4712,17889,251,376,114,175,416,623,1585,6368,5298,678,709,335,30549,53,9281,270,243,2630,57,1703,614,59357,6858,20901,6596,1777,859,35445,1219,1523,559,312,488,519,1057,138,203,178,125,28,61450,960,955,57,164,6233,1007,573,264,642,6255,1919,231,27813,3038,1977,1805,194,3367,16524,3722,274,705,27,13308,28924,819,5816,2002,67,6163,178449,2362,377,41535,284,343,133,282
2020-08-26,1401,263,1465,7839,861,572,733,522,186,4082,657,9879,4726,571,117665,586,410,9141,10990,4713,18184,254,386,114,175,418,623,1613,6410,5317,687,725,335,30549,53,9285,270,248,2662,57,1747,614,60472,6944,21020,6668,1777,875,35458,1230,1523,564,313,488,521,1057,139,210,181,125,28,62076,967,984,59,175,6241,1010,578,264,646,6267,1932,247,28001,3137,1994,1807,194,3421,16638,3755,275,707,27,13502,28971,819,5816,2003,67,6183,179674,2399,378,41552,291,351,137,282
2020-08-27,1401,266,1475,8050,864,583,733,524,188,4127,662,9884,4791,582,118649,594,411,9148,11072,4715,18467,255,397,115,177,418,624,1630,6471,5342,694,745,335,30581,53,9290,270,254,2685,58,1803,614,61529,7064,21137,6740,1777,884,35463,1241,1523,567,316,488,522,1057,146,219,184,125,28,62594,977,1011,60,183,6244,1011,585,264,650,6274,1948,265,28124,3234,2010,1809,195,3459,16758,3785,277,707,27,13628,28996,823,5820,2003,68,6209,180785,2449,378,41564,298,358,141,282
2020-08-28,1402,271,1483,8271,869,600,733,527,189,4174,667,9886,4846,591,119504,603,411,9155,11132,4718,18766,255,407,115,180,419,624,1648,6504,5362,702,758,335,30601,53,9290,270,259,2709,59,1827,614,62550,7169,21249,6814,1777,894,35472,1251,1523,567,321,488,525,1057,148,226,187,125,28,63146,981,1052,65,195,6247,1011,590,264,650,6283,1966,280,28277,3325,2018,1815,196,3507,16866,3813,279,709,27,13743,29011,823,5821,2004,68,6245,181756,2499,379,41573,302,366,145,283
2020-08-29,1402,275,1491,8353,872,611,733,529,189,4206,671,9891,4938,594,120262,605,411,9161,11181,4721,19063,258,418,115,183,421,624,1673,6537,5376,708,770,335,30601,53,9299,270,260,2728,59,1842,614,63498,7261,21359,6891,1777,906,35473,1271,1523,572,323,488,528,1057,155,231,190,125,28,63819,990,1078,69,207,6252,1011,596,264,650,6284,1983,294,28471,3419,2032,1818,196,3539,16977,3840,282,710,27,13981,29011,823,5821,2005,68,6284,182714,2540,379,41585,307,375,147,284
2020-08-30,1402,280,1501,8457,877,652,733,531,189,4248,676,9894,4966,598,120828,613,411,9164,11244,4722,19363,258,418,115,184,423,624,1681,6555,5399,713,793,335,30611,53,9300,276,262,2740,59,1858,614,64469,7343,21462,6959,1777,919,35477,1285,1523,574,324,488,530,1058,160,232,191,126,28,64158,992,1111,72,221,6252,1013,600,264,677,6288,1995,308,28607,3520,2033,1819,197,3578,17045,3870,284,711,27,14028,29011,823,5821,2005,68,6326,183024,2575,382,41586,313,381,152,287
2020-08-31,1402,284,1510,8660,879,657,733,534,190,4281,681,9895,5027,609,121381,629,411,9173,11289,4723,19662,258,436,117,186,424,624,1710,6556,5421,717,809,336,30640,53,9303,276,266,2760,59,1873,615,65288,7417,21571,7042,1777,939,35483,1298,1523,577,324,488,531,1058,167,237,192,127,28,64414,995,1141,75,228,6252,1013,603,264,685,6294,2002,326,28788,3558,2039,1822,197,3621,17128,3897,284,713,27,14149,29094,823,5808,2006,68,6370,183597,2605,384,41589,320,386,152,288
2020-09-01,1406,290,1518,8919,881,663,734,536,190,4316,686,9897,5101,620,122596,642,414,9179,11321,4724,20050,259,443,117,187,425,625,1738,6571,5440,724,828,336,30666,53,9307,276,271,2778,59,1888,616,66333,7505,21672,7123,1777,957,35491,1313,1588,577,326,488,534,1059,171,242,195,128,29,65241,1008,1184,81,239,6260,1023,604,264,689,6298,2018,348,28944,3597,2058,1824,198,3681,17250,3929,284,715,27,14263,29152,823,5813,2011,68,6417,184664,2654,384,41592,323,391,159,290
2020-09-02,1409,296,1523,9118,884,678,734,538,190,4351,691,9898,5203,627,123780,648,415,9182,11344,4727,20345,259,453,117,191,425,626,1765,6619,5461,731,846,336,30692,53,9322,276,273,2790,59,1924,619,67376,7616,21797,7201,1777,969,35497,1327,1588,581,329,488,535,1059,177,250,196,128,29,65816,1024,1216,82,251,6267,1027,606,264,689,6328,2030,358,29068,3623,2078,1827,199,3721,17365,3956,287,716,27,14389,29194,823,5820,2011,69,6462,185720,2705,387,41602,327,398,162,292
2020-09-03,1409,301,1529,9361,887,737,735,541,190,4383,696,9899,5288,636,124614,658,415,9189,11422,4728,20618,259,460,119,194,426,626,1801,6648,5479,739,856,336,30712,53,9322,280,278,2804,61,1954,620,68472,7750,21926,7275,1777,985,35507,1334,1588,585,331,488,536,1059,179,254,197,128,29,66329,1036,1253,86,257,6268,1048,606,264,705,6335,2046,373,29068,3688,2092,1829,201,3765,17479,3982,287,718,27,14563,29234,823,5832,2013,69,6511,186790,2759,387,41616,331,402,167,292
2020-09-04,1409,306,1539,9623,891,748,735,543,195,4412,701,9901,5343,639,125502,665,415,9190,11494,4728,20888,259,469,119,195,429,627,1801,6674,5495,744,880,336,30730,53,9327,283,279,2825,61,1984,621,69561,7832,22044,7359,1777,993,35518,1352,1588,589,333,488,537,1060,183,262,198,128,29,66851,1047,1292,87,271,6270,1051,609,264,705,6340,2063,398,29405,3737,2100,1833,201,3812,17598,4015,289,721,27,14678,29418,823,5835,2013,69,6564,187755,2812,387,41626,338,412,170,292
2020-09-05,1409,312,1549,9739,895,753,735,545,196,4447,705,9906,5398,651,126203,671,415,9192,11551,4728,21156,259,478,119,197,431,627,1840,6724,5511,752,897,336,30730,53,9329,283,280,2845,61,2006,624,70626,7940,22154,7422,1777,1007,35534,1361,1588,594,334,488,540,1060,187,272,199,128,29,67326,1063,1329,87,280,6275,1054,614,264,705,6340,2075,412,29554,3790,2113,1838,202,3850,17707,4049,290,723,27,14779,29418,832,5835,2013,70,6620,188538,2863,388,41638,343,420,177,292
2020-09-06,1412,316,1556,9859,897,762,736,548,199,4479,711,9907,5398,655,126650,676,415,9194,11592,4730,21412,260,478,119,198,436,627,1845,6724,5530,759,918,336,30730,53,9330,283,284,2852,61,2007,624,71642,8025,22293,7512,1777,1019,35541,1366,1588,597,336,488,544,1060,191,285,200,128,29,67558,1063,1361,89,289,6277,1057,617,264,728,6345,2086,435,29687,3875,2120,1840,203,3893,17768,4081,290,724,27,14889,29418,833,5835,2013,70,6673,188941,2898,388,41640,347,428,181,295
2020-09-07,1415,319,1562,10129,900,770,746,551,200,4516,716,9909,7054,664,126960,677,415,9196,11652,4732,21615,260,510,119,201,437,628,1864,10576,5541,764,933,336,30732,53,9331,283,289,2862,62,2023,625,72775,8130,22410,7589,1777,1026,35553,1377,1588,599,341,488,546,1060,200,296,202,128,29,67781,1074,1394,91,300,6278,1061,623,264,734,6350,2099,449,29838,3890,2124,1843,205,3926,17818,4107,291,725,27,15004,29516,833,5837,2014,70,6730,189208,2930,390,41643,352,436,184,295
2020-09-08,1418,321,1571,10405,903,781,747,552,202,4552,721,9912,7097,669,127464,692,415,9203,11682,4733,21611,260,531,119,203,441,628,1889,10627,5560,765,949,336,30770,53,9336,283,290,2890,63,2034,626,73890,8230,22542,7657,1778,1040,35563,1398,1634,599,344,488,548,1060,207,314,206,128,29,68484,1087,1427,91,306,6279,1067,631,264,742,6359,2107,463,29976,3916,2136,1846,205,3967,17939,4137,292,727,27,15086,29594,833,5838,2018,70,6782,189653,2988,391,41675,358,444,190,297
2020-09-09,1420,322,1581,10658,905,788,747,555,203,4593,726,9917,7146,675,128539,702,415,9204,11702,4733,22053,260,543,119,206,444,628,1914,10701,5577,770,966,337,30805,53,9342,283,293,2897,63,2044,628,75062,8336,22669,7732,1781,1054,35577,1412,1634,607,346,488,552,1061,212,324,206,128,31,69049,1096,1453,93,312,6281,1070,634,264,751,6365,2116,474,30123,3986,2147,1849,205,4018,18080,4165,293,728,27,15168,29628,833,5842,2019,71,6837,190859,3034,393,41683,366,452,192,300
2020-09-10,1420,324,1591,10907,906,797,748,556,207,4634,732,9917,7193,680,129522,706,415,9213,11781,4733,22275,262,567,119,208,448,629,1926,10749,5590,774,974,337,30819,53,9345,283,297,2918,63,2049,630,76271,8456,22798,7814,1781,1077,35587,1416,1634,612,350,488,556,1061,219,339,208,128,31,69649,1106,1491,96,317,6285,1075,637,265,762,6370,2127,485,30236,4066,2159,1852,205,4065,18207,4189,293,729,27,15265,29699,833,5843,2020,72,6895,191766,3079,398,41697,370,460,198,300
2020-09-11,1420,327,1599,11148,909,803,750,557,208,4668,738,9919,7250,686,130396,713,415,9214,11850,4733,22518,262,583,119,211,450,629,1941,10836,5607,777,986,337,30901,53,9348,285,300,2929,63,2058,631,77472,8544,22913,7881,1781,1090,35597,1428,1634,616,355,488,557,1063,229,352,209,128,31,70183,1114,1524,98,322,6290,1076,642,265,762,6373,2140,496,30344,4108,2169,1855,205,4100,18309,4213,293,730,27,15378,29747,834,5846,2020,72,6951,192979,3132,398,41703,377,468,204,306
2020-09-12,1420,330,1605,11263,911,810,754,559,211,4702,744,9923,7297,690,131210,717,415,9220,11895,4734,22734,262,590,119,218,453,630,1953,10864,5627,782,996,337,30902,53,9352,286,302,2949,63,2065,633,78586,8650,23029,7941,1783,1103,35603,1441,1634,619,358,488,558,1063,239,354,210,128,31,70604,1117,1553,98,336,6291,1078,646,265,762,6379,2155,514,30470,4292,2182,1860,205,4127,18426,4240,295,731,27,15427,29747,834,5846,2020,72,6999,193693,3206,399,41712,384,477,210,312
2020-09-13,1420,334,1612,11352,916,816,756,562,212,4733,750,9925,7344,696,131625,720,415,9220,11949,4734,22924,264,590,120,224,456,631,1968,10903,5648,785,1013,337,30903,53,9354,286,305,2957,63,2079,637,79722,8723,23157,8014,1784,1119,35610,1448,1634,622,363,488,560,1063,241,362,211,128,32,70821,1123,1578,101,345,6292,1082,648,265,780,6383,2166,525,30526,4371,2188,1867,205,4163,18517,4268,297,733,27,15447,29747,835,5846,2021,72,7056,194071,3239,399,41717,390,485,221,312
