date,Afghanistan,Albania,Algeria,Andorra,Angola,Antigua and Barbuda,Argentina,Armenia,Australia,Austria,Azerbaijan,Bahamas,Bahrain,Bangladesh,Barbados,Belarus,Belgium,Belize,Benin,Bhutan,Bolivia,Bosnia and Herzegovina,Botswana,Brazil,Brunei,Bulgaria,Burkina Faso,Burma,Burundi,Cabo Verde,Cambodia,Cameroon,Canada,Central African Republic,Chad,Chile,China,Colombia,Comoros,Congo (Brazzaville),Congo (Kinshasa),Costa Rica,Cote d'Ivoire,Croatia,Cuba,Cyprus,Czechia,Denmark,Diamond Princess,Djibouti,Dominica,Dominican Republic,Ecuador,Egypt,El Salvador,Equatorial Guinea,Eritrea,Estonia,Eswatini,Ethiopia,Fiji,Finland,France,Gabon,Gambia,Georgia,Germany,Ghana,Greece,Grenada,Guatemala,Guinea,Guinea-Bissau,Guyana,Haiti,Holy See,Honduras,Hungary,Iceland,India,Indonesia,Iran,Iraq,Ireland,Israel,Italy,Jamaica,Japan,Jordan,Kazakhstan,Kenya,"Korea, South",Kosovo,Kuwait,Kyrgyzstan,Laos,Latvia,Lebanon,Lesotho,Liberia
2020-01-22,0,0,0,0,0,0,0,0,0,0,0,0,0,0,0,0,0,0,0,0,0,0,0,0,0,0,0,0,0,0,0,0,0,0,0,0,17,0,0,0,0,0,0,0,0,0,0,0,0,0,0,0,0,0,0,0,0,0,0,0,0,0,0,0,0,0,0,0,0,0,0,0,0,0,0,0,0,0,0,0,0,0,0,0,0,0,0,0,0,0,0,0,0,0,0,0,0,0,0,0
2020-01-23,0,0,0,0,0,0,0,0,0,0,0,0,0,0,0,0,0,0,0,0,0,0,0,0,0,0,0,0,0,0,0,0,0,0,0,0,18,0,0,0,0,0,0,0,0,0,0,0,0,0,0,0,0,0,0,0,0,0,0,0,0,0,0,0,0,0,0,0,0,0,0,0,0,0,0,0,0,0,0,0,0,0,0,0,0,0,0,0,0,0,0,0,0,0,0,0,0,0,0,0
2020-01-24,0,0,0,0,0,0,0,0,0,0,0,0,0,0,0,0,0,0,0,0,0,0,0,0,0,0,0,0,0,0,0,0,0,0,0,0,26,0,0,0,0,0,0,0,0,0,0,0,0,0,0,0,0,0,0,0,0,0,0,0,0,0,0,0,0,0,0,0,0,0,0,0,0,0,0,0,0,0,0,0,0,0,0,0,0,0,0,0,0,0,0,0,0,0,0,0,0,0,0,0
2020-01-25,0,0,0,0,0,0,0,0,0,0,0,0,0,0,0,0,0,0,0,0,0,0,0,0,0,0,0,0,0,0,0,0,0,0,0,0,42,0,0,0,0,0,0,0,0,0,0,0,0,0,0,0,0,0,0,0,0,0,0,0,0,0,0,0,0,0,0,0,0,0,0,0,0,0,0,0,0,0,0,0,0,0,0,0,0,0,0,0,0,0,0,0,0,0,0,0,0,0,0,0
2020-01-26,0,0,0,0,0,0,0,0,0,0,0,0,0,0,0,0,0,0,0,0,0,0,0,0,0,0,0,0,0,0,0,0,0,0,0,0,56,0,0,0,0,0,0,0,0,0,0,0,0,0,0,0,0,0,0,0,0,0,0,0,0,0,0,0,0,0,0,0,0,0,0,0,0,0,0,0,0,0,0,0,0,0,0,0,0,0,0,0,0,0,0,0,0,0,0,0,0,0,0,0
2020-01-27,0,0,0,0,0,0,0,0,0,0,0,0,0,0,0,0,0,0,0,0,0,0,0,0,0,0,0,0,0,0,0,0,0,0,0,0,82,0,0,0,0,0,0,0,0,0,0,0,0,0,0,0,0,0,0,0,0,0,0,0,0,0,0,0,0,0,0,0,0,0,0,0,0,0,0,0,0,0,0,0,0,0,0,0,0,0,0,0,0,0,0,0,0,0,0,0,0,0,0,0
2020-01-28,0,0,0,0,0,0,0,0,0,0,0,0,0,0,0,0,0,0,0,0,0,0,0,0,0,0,0,0,0,0,0,0,0,0,0,0,131,0,0,0,0,0,0,0,0,0,0,0,0,0,0,0,0,0,0,0,0,0,0,0,0,0,0,0,0,0,0,0,0,0,0,0,0,0,0,0,0,0,0,0,0,0,0,0,0,0,0,0,0,0,0,0,0,0,0,0,0,0,0,0
2020-01-29,0,0,0,0,0,0,0,0,0,0,0,0,0,0,0,0,0,0,0,0,0,0,0,0,0,0,0,0,0,0,0,0,0,0,0,0,133,0,0,0,0,0,0,0,0,0,0,0,0,0,0,0,0,0,0,0,0,0,0,0,0,0,0,0,0,0,0,0,0,0,0,0,0,0,0,0,0,0,0,0,0,0,0,0,0,0,0,0,0,0,0,0,0,0,0,0,0,0,0,0
2020-01-30,0,0,0,0,0,0,0,0,0,0,0,0,0,0,0,0,0,0,0,0,0,0,0,0,0,0,0,0,0,0,0,0,0,0,0,0,171,0,0,0,0,0,0,0,0,0,0,0,0,0,0,0,0,0,0,0,0,0,0,0,0,0,0,0,0,0,0,0,0,0,0,0,0,0,0,0,0,0,0,0,0,0,0,0,0,0,0,0,0,0,0,0,0,0,0,0,0,0,0,0
2020-01-31,0,0,0,0,0,0,0,0,0,0,0,0,0,0,0,0,0,0,0,0,0,0,0,0,0,0,0,0,0,0,0,0,0,0,0,0,213,0,0,0,0,0,0,0,0,0,0,0,0,0,0,0,0,0,0,0,0,0,0,0,0,0,0,0,0,0,0,0,0,0,0,0,0,0,0,0,0,0,0,0,0,0,0,0,0,0,0,0,0,0,0,0,0,0,0,0,0,0,0,0
2020-02-01,0,0,0,0,0,0,0,0,0,0,0,0,0,0,0,0,0,0,0,0,0,0,0,0,0,0,0,0,0,0,0,0,0,0,0,0,259,0,0,0,0,0,0,0,0,0,0,0,0,0,0,0,0,0,0,0,0,0,0,0,0,0,0,0,0,0,0,0,0,0,0,0,0,0,0,0,0,0,0,0,0,0,0,0,0,0,0,0,0,0,0,0,0,0,0,0,0,0,0,0
2020-02-02,0,0,0,0,0,0,0,0,0,0,0,0,0,0,0,0,0,0,0,0,0,0,0,0,0,0,0,0,0,0,0,0,0,0,0,0,361,0,0,0,0,0,0,0,0,0,0,0,0,0,0,0,0,0,0,0,0,0,0,0,0,0,0,0,0,0,0,0,0,0,0,0,0,0,0,0,0,0,0,0,0,0,0,0,0,0,0,0,0,0,0,0,0,0,0,0,0,0,0,0
2020-02-03,0,0,0,0,0,0,0,0,0,0,0,0,0,0,0,0,0,0,0,0,0,0,0,0,0,0,0,0,0,0,0,0,0,0,0,0,425,0,0,0,0,0,0,0,0,0,0,0,0,0,0,0,0,0,0,0,0,0,0,0,0,0,0,0,0,0,0,0,0,0,0,0,0,0,0,0,0,0,0,0,0,0,0,0,0,0,0,0,0,0,0,0,0,0,0,0,0,0,0,0
2020-02-04,0,0,0,0,0,0,0,0,0,0,0,0,0,0,0,0,0,0,0,0,0,0,0,0,0,0,0,0,0,0,0,0,0,0,0,0,491,0,0,0,0,0,0,0,0,0,0,0,0,0,0,0,0,0,0,0,0,0,0,0,0,0,0,0,0,0,0,0,0,0,0,0,0,0,0,0,0,0,0,0,0,0,0,0,0,0,0,0,0,0,0,0,0,0,0,0,0,0,0,0
2020-02-05,0,0,0,0,0,0,0,0,0,0,0,0,0,0,0,0,0,0,0,0,0,0,0,0,0,0,0,0,0,0,0,0,0,0,0,0,563,0,0,0,0,0,0,0,0,0,0,0,0,0,0,0,0,0,0,0,0,0,0,0,0,0,0,0,0,0,0,0,0,0,0,0,0,0,0,0,0,0,0,0,0,0,0,0,0,0,0,0,0,0,0,0,0,0,0,0,0,0,0,0
2020-02-06,0,0,0,0,0,0,0,0,0,0,0,0,0,0,0,0,0,0,0,0,0,0,0,0,0,0,0,0,0,0,0,0,0,0,0,0,633,0,0,0,0,0,0,0,0,0,0,0,0,0,0,0,0,0,0,0,0,0,0,0,0,0,0,0,0,0,0,0,0,0,0,0,0,0,0,0,0,0,0,0,0,0,0,0,0,0,0,0,0,0,0,0,0,0,0,0,0,0,0,0
2020-02-07,0,0,0,0,0,0,0,0,0,0,0,0,0,0,0,0,0,0,0,0,0,0,0,0,0,0,0,0,0,0,0,0,0,0,0,0,718,0,0,0,0,0,0,0,0,0,0,0,0,0,0,0,0,0,0,0,0,0,0,0,0,0,0,0,0,0,0,0,0,0,0,0,0,0,0,0,0,0,0,0,0,0,0,0,0,0,0,0,0,0,0,0,0,0,0,0,0,0,0,0
2020-02-08,0,0,0,0,0,0,0,0,0,0,0,0,0,0,0,0,0,0,0,0,0,0,0,0,0,0,0,0,0,0,0,0,0,0,0,0,805,0,0,0,0,0,0,0,0,0,0,0,0,0,0,0,0,0,0,0,0,0,0,0,0,0,0,0,0,0,0,0,0,0,0,0,0,0,0,0,0,0,0,0,0,0,0,0,0,0,0,0,0,0,0,0,0,0,0,0,0,0,0,0
2020-02-09,0,0,0,0,0,0,0,0,0,0,0,0,0,0,0,0,0,0,0,0,0,0,0,0,0,0,0,0,0,0,0,0,0,0,0,0,905,0,0,0,0,0,0,0,0,0,0,0,0,0,0,0,0,0,0,0,0,0,0,0,0,0,0,0,0,0,0,0,0,0,0,0,0,0,0,0,0,0,0,0,0,0,0,0,0,0,0,0,0,0,0,0,0,0,0,0,0,0,0,0
2020-02-10,0,0,0,0,0,0,0,0,0,0,0,0,0,0,0,0,0,0,0,0,0,0,0,0,0,0,0,0,0,0,0,0,0,0,0,0,1012,0,0,0,0,0,0,0,0,0,0,0,0,0,0,0,0,0,0,0,0,0,0,0,0,0,0,0,0,0,0,0,0,0,0,0,0,0,0,0,0,0,0,0,0,0,0,0,0,0,0,0,0,0,0,0,0,0,0,0,0,0,0,0
2020-02-11,0,0,0,0,0,0,0,0,0,0,0,0,0,0,0,0,0,0,0,0,0,0,0,0,0,0,0,0,0,0,0,0,0,0,0,0,1112,0,0,0,0,0,0,0,0,0,0,0,0,0,0,0,0,0,0,0,0,0,0,0,0,0,0,0,0,0,0,0,0,0,0,0,0,0,0,0,0,0,0,0,0,0,0,0,0,0,0,0,0,0,0,0,0,0,0,0,0,0,0,0
2020-02-12,0,0,0,0,0,0,0,0,0,0,0,0,0,0,0,0,0,0,0,0,0,0,0,0,0,0,0,0,0,0,0,0,0,0,0,0,1117,0,0,0,0,0,0,0,0,0,0,0,0,0,0,0,0,0,0,0,0,0,0,0,0,0,0,0,0,0,0,0,0,0,0,0,0,0,0,0,0,0,0,0,0,0,0,0,0,0,0,0,0,0,0,0,0,0,0,0,0,0,0,0
2020-02-13,0,0,0,0,0,0,0,0,0,0,0,0,0,0,0,0,0,0,0,0,0,0,0,0,0,0,0,0,0,0,0,0,0,0,0,0,1369,0,0,0,0,0,0,0,0,0,0,0,0,0,0,0,0,0,0,0,0,0,0,0,0,0,0,0,0,0,0,0,0,0,0,0,0,0,0,0,0,0,0,0,0,0,0,0,0,0,0,1,0,0,0,0,0,0,0,0,0,0,0,0
2020-02-14,0,0,0,0,0,0,0,0,0,0,0,0,0,0,0,0,0,0,0,0,0,0,0,0,0,0,0,0,0,0,0,0,0,0,0,0,1521,0,0,0,0,0,0,0,0,0,0,0,0,0,0,0,0,0,0,0,0,0,0,0,0,0,0,0,0,0,0,0,0,0,0,0,0,0,0,0,0,0,0,0,0,0,0,0,0,0,0,1,0,0,0,0,0,0,0,0,0,0,0,0
2020-02-15,0,0,0,0,0,0,0,0,0,0,0,0,0,0,0,0,0,0,0,0,0,0,0,0,0,0,0,0,0,0,0,0,0,0,0,0,1663,0,0,0,0,0,0,0,0,0,0,0,0,0,0,0,0,0,0,0,0,0,0,0,0,0,1,0,0,0,0,0,0,0,0,0,0,0,0,0,0,0,0,0,0,0,0,0,0,0,0,1,0,0,0,0,0,0,0,0,0,0,0,0
2020-02-16,0,0,0,0,0,0,0,0,0,0,0,0,0,0,0,0,0,0,0,0,0,0,0,0,0,0,0,0,0,0,0,0,0,0,0,0,1766,0,0,0,0,0,0,0,0,0,0,0,0,0,0,0,0,0,0,0,0,0,0,0,0,0,1,0,0,0,0,0,0,0,0,0,0,0,0,0,0,0,0,0,0,0,0,0,0,0,0,1,0,0,0,0,0,0,0,0,0,0,0,0
2020-02-17,0,0,0,0,0,0,0,0,0,0,0,0,0,0,0,0,0,0,0,0,0,0,0,0,0,0,0,0,0,0,0,0,0,0,0,0,1864,0,0,0,0,0,0,0,0,0,0,0,0,0,0,0,0,0,0,0,0,0,0,0,0,0,1,0,0,0,0,0,0,0,0,0,0,0,0,0,0,0,0,0,0,0,0,0,0,0,0,1,0,0,0,0,0,0,0,0,0,0,0,0
2020-02-18,0,0,0,0,0,0,0,0,0,0,0,0,0,0,0,0,0,0,0,0,0,0,0,0,0,0,0,0,0,0,0,0,0,0,0,0,2003,0,0,0,0,0,0,0,0,0,0,0,0,0,0,0,0,0,0,0,0,0,0,0,0,0,1,0,0,0,0,0,0,0,0,0,0,0,0,0,0,0,0,0,0,0,0,0,0,0,0,2,0,0,0,0,0,0,0,0,0,0,0,0
2020-02-19,0,0,0,0,0,0,0,0,0,0,0,0,0,0,0,0,0,0,0,0,0,0,0,0,0,0,0,0,0,0,0,0,0,0,0,0,2116,0,0,0,0,0,0,0,0,0,0,0,0,0,0,0,0,0,0,0,0,0,0,0,0,0,1,0,0,0,0,0,0,0,0,0,0,0,0,0,0,0,0,0,0,2,0,0,0,0,0,2,0,0,0,0,0,0,0,0,0,0,0,0
2020-02-20,0,0,0,0,0,0,0,0,0,0,0,0,0,0,0,0,0,0,0,0,0,0,0,0,0,0,0,0,0,0,0,0,0,0,0,0,2238,0,0,0,0,0,0,0,0,0,0,0,2,0,0,0,0,0,0,0,0,0,0,0,0,0,1,0,0,0,0,0,0,0,0,0,0,0,0,0,0,0,0,0,0,2,0,0,0,0,0,2,0,0,0,1,0,0,0,0,0,0,0,0
2020-02-21,0,0,0,0,0,0,0,0,0,0,0,0,0,0,0,0,0,0,0,0,0,0,0,0,0,0,0,0,0,0,0,0,0,0,0,0,2238,0,0,0,0,0,0,0,0,0,0,0,2,0,0,0,0,0,0,0,0,0,0,0,0,0,1,0,0,0,0,0,0,0,0,0,0,0,0,0,0,0,0,0,0,4,0,0,0,1,0,2,0,0,0,2,0,0,0,0,0,0,0,0
2020-02-22,0,0,0,0,0,0,0,0,0,0,0,0,0,0,0,0,0,0,0,0,0,0,0,0,0,0,0,0,0,0,0,0,0,0,0,0,2443,0,0,0,0,0,0,0,0,0,0,0,2,0,0,0,0,0,0,0,0,0,0,0,0,0,1,0,0,0,0,0,0,0,0,0,0,0,0,0,0,0,0,0,0,5,0,0,0,2,0,2,0,0,0,2,0,0,0,0,0,0,0,0
2020-02-23,0,0,0,0,0,0,0,0,0,0,0,0,0,0,0,0,0,0,0,0,0,0,0,0,0,0,0,0,0,0,0,0,0,0,0,0,2445,0,0,0,0,0,0,0,0,0,0,0,3,0,0,0,0,0,0,0,0,0,0,0,0,0,1,0,0,0,0,0,0,0,0,0,0,0,0,0,0,0,0,0,0,8,0,0,0,3,0,2,0,0,0,6,0,0,0,0,0,0,0,0
2020-02-24,0,0,0,0,0,0,0,0,0,0,0,0,0,0,0,0,0,0,0,0,0,0,0,0,0,0,0,0,0,0,0,0,0,0,0,0,2595,0,0,0,0,0,0,0,0,0,0,0,3,0,0,0,0,0,0,0,0,0,0,0,0,0,1,0,0,0,0,0,0,0,0,0,0,0,0,0,0,0,0,0,0,12,0,0,0,7,0,2,0,0,0,8,0,0,0,0,0,0,0,0
2020-02-25,0,0,0,0,0,0,0,0,0,0,0,0,0,0,0,0,0,0,0,0,0,0,0,0,0,0,0,0,0,0,0,0,0,0,0,0,2665,0,0,0,0,0,0,0,0,0,0,0,3,0,0,0,0,0,0,0,0,0,0,0,0,0,1,0,0,0,0,0,0,0,0,0,0,0,0,0,0,0,0,0,0,16,0,0,0,10,0,3,0,0,0,10,0,0,0,0,0,0,0,0
2020-02-26,0,0,0,0,0,0,0,0,0,0,0,0,0,0,0,0,0,0,0,0,0,0,0,0,0,0,0,0,0,0,0,0,0,0,0,0,2717,0,0,0,0,0,0,0,0,0,0,0,4,0,0,0,0,0,0,0,0,0,0,0,0,0,2,0,0,0,0,0,0,0,0,0,0,0,0,0,0,0,0,0,0,19,0,0,0,12,0,3,0,0,0,12,0,0,0,0,0,0,0,0
2020-02-27,0,0,0,0,0,0,0,0,0,0,0,0,0,0,0,0,0,0,0,0,0,0,0,0,0,0,0,0,0,0,0,0,0,0,0,0,2746,0,0,0,0,0,0,0,0,0,0,0,4,0,0,0,0,0,0,0,0,0,0,0,0,0,2,0,0,0,0,0,0,0,0,0,0,0,0,0,0,0,0,0,0,26,0,0,0,17,0,4,0,0,0,13,0,0,0,0,0,0,0,0
2020-02-28,0,0,0,0,0,0,0,0,0,0,0,0,0,0,0,0,0,0,0,0,0,0,0,0,0,0,0,0,0,0,0,0,0,0,0,0,2790,0,0,0,0,0,0,0,0,0,0,0,6,0,0,0,0,0,0,0,0,0,0,0,0,0,2,0,0,0,0,0,0,0,0,0,0,0,0,0,0,0,0,0,0,34,0,0,0,21,0,5,0,0,0,13,0,0,0,0,0,0,0,0
2020-02-29,0,0,0,0,0,0,0,0,0,0,0,0,0,0,0,0,0,0,0,0,0,0,0,0,0,0,0,0,0,0,0,0,0,0,0,0,2837,0,0,0,0,0,0,0,0,0,0,0,6,0,0,0,0,0,0,0,0,0,0,0,0,0,2,0,0,0,0,0,0,0,0,0,0,0,0,0,0,0,0,0,0,43,0,0,0,29,0,6,0,0,0,16,0,0,0,0,0,0,0,0
2020-03-01,0,0,0,0,0,0,0,0,1,0,0,0,0,0,0,0,0,0,0,0,0,0,0,0,0,0,0,0,0,0,0,0,0,0,0,0,2872,0,0,0,0,0,0,0,0,0,0,0,6,0,0,0,0,0,0,0,0,0,0,0,0,0,2,0,0,0,0,0,0,0,0,0,0,0,0,0,0,0,0,0,0,54,0,0,0,34,0,6,0,0,0,17,0,0,0,0,0,0,0,0
2020-03-02,0,0,0,0,0,0,0,0,1,0,0,0,0,0,0,0,0,0,0,0,0,0,0,0,0,0,0,0,0,0,0,0,0,0,0,0,2914,0,0,0,0,0,0,0,0,0,0,0,6,0,0,0,0,0,0,0,0,0,0,0,0,0,3,0,0,0,0,0,0,0,0,0,0,0,0,0,0,0,0,0,0,66,0,0,0,52,0,6,0,0,0,28,0,0,0,0,0,0,0,0
2020-03-03,0,0,0,0,0,0,0,0,1,0,0,0,0,0,0,0,0,0,0,0,0,0,0,0,0,0,0,0,0,0,0,0,0,0,0,0,2947,0,0,0,0,0,0,0,0,0,0,0,6,0,0,0,0,0,0,0,0,0,0,0,0,0,4,0,0,0,0,0,0,0,0,0,0,0,0,0,0,0,0,0,0,77,0,0,0,79,0,6,0,0,0,28,0,0,0,0,0,0,0,0
2020-03-04,0,0,0,0,0,0,0,0,2,0,0,0,0,0,0,0,0,0,0,0,0,0,0,0,0,0,0,0,0,0,0,0,0,0,0,0,2983,0,0,0,0,0,0,0,0,0,0,0,6,0,0,0,0,0,0,0,0,0,0,0,0,0,4,0,0,0,0,0,0,0,0,0,0,0,0,0,0,0,0,0,0,92,2,0,0,107,0,7,0,0,0,35,0,0,0,0,0,0,0,0
2020-03-05,0,0,0,0,0,0,0,0,2,0,0,0,0,0,0,0,0,0,0,0,0,0,0,0,0,0,0,0,0,0,0,0,0,0,0,0,3015,0,0,0,0,0,0,0,0,0,0,0,6,0,0,0,0,0,0,0,0,0,0,0,0,0,6,0,0,0,0,0,0,0,0,0,0,0,0,0,0,0,0,0,0,107,2,0,0,148,0,7,0,0,0,35,0,0,0,0,0,0,0,0
2020-03-06,0,0,0,0,0,0,0,0,2,0,0,0,0,0,0,0,0,0,0,0,0,0,0,0,0,0,0,0,0,0,0,0,0,0,0,0,3044,0,0,0,0,0,0,0,0,0,0,0,6,0,0,0,0,0,0,0,0,0,0,0,0,0,9,0,0,0,0,0,0,0,0,0,0,0,0,0,0,0,0,0,0,124,3,0,0,197,0,7,0,0,0,42,0,0,0,0,0,0,0,0
2020-03-07,0,0,0,0,0,0,0,0,2,0,0,0,0,0,0,0,0,0,0,0,0,0,0,0,0,0,0,0,0,0,0,0,0,0,0,0,3072,0,0,0,0,0,0,0,0,0,0,0,6,0,0,0,0,0,0,0,0,0,0,0,0,0,11,0,0,0,0,0,0,0,0,0,0,0,0,0,0,0,0,0,0,145,4,0,0,233,0,7,0,0,0,44,0,0,0,0,0,0,0,0
2020-03-08,0,0,0,0,0,0,1,0,3,0,0,0,0,0,0,0,0,0,0,0,0,0,0,0,0,0,0,0,0,0,0,0,0,0,0,0,3100,0,0,0,0,0,0,0,0,0,0,0,6,0,0,0,0,1,0,0,0,0,0,0,0,0,19,0,0,0,0,0,0,0,0,0,0,0,0,0,0,0,0,0,0,194,6,0,0,366,0,8,0,0,0,50,0,0,0,0,0,0,0,0
2020-03-09,0,0,0,0,0,0,1,0,3,0,0,0,0,0,0,0,0,0,0,0,0,0,0,0,0,0,0,0,0,0,0,0,1,0,0,0,3123,0,0,0,0,0,0,0,0,0,0,0,6,0,0,0,0,1,0,0,0,0,0,0,0,0,19,0,0,0,2,0,0,0,0,0,0,0,0,0,0,0,0,0,0,237,6,0,0,463,0,10,0,0,0,53,0,0,0,0,0,0,0,0
2020-03-10,0,0,0,0,0,0,1,0,3,0,0,0,0,0,0,0,0,0,0,0,0,0,0,0,0,0,0,0,0,0,0,0,1,0,0,0,3139,0,0,0,0,0,0,0,0,0,0,0,6,0,0,0,0,1,0,0,0,0,0,0,0,0,33,0,0,0,2,0,0,0,0,0,0,0,0,0,0,0,0,0,0,291,7,0,0,631,0,13,0,0,0,54,0,0,0,0,0,1,0,0
2020-03-11,0,1,0,0,0,0,1,0,3,0,0,0,0,0,0,0,3,0,0,0,0,0,0,0,0,1,0,0,0,0,0,0,1,0,0,0,3161,0,0,0,0,0,0,0,0,0,0,0,7,0,0,0,0,1,0,0,0,0,0,0,0,0,48,0,0,0,3,0,1,0,0,0,0,0,0,0,0,0,0,1,1,354,7,1,0,827,0,15,0,0,0,60,0,0,0,0,0,3,0,0
2020-03-12,0,1,1,0,0,0,1,0,3,1,0,0,0,0,0,0,3,0,0,0,0,0,0,0,0,1,0,0,0,0,0,0,1,0,0,0,3172,0,0,0,0,0,0,0,0,0,0,0,7,0,0,0,0,1,0,0,0,0,0,0,0,0,48,0,0,0,3,0,1,0,0,0,0,1,0,0,0,0,0,1,1,429,8,1,0,1016,0,19,0,0,0,66,0,0,0,0,0,3,0,0
2020-03-13,0,1,2,0,0,0,2,0,3,1,1,0,0,0,0,0,3,0,0,0,0,0,0,0,0,1,0,0,0,0,0,0,1,0,0,0,3180,0,0,0,0,0,0,0,0,0,0,0,7,0,0,0,0,2,0,0,0,0,0,0,0,0,79,0,0,0,7,0,1,0,0,0,0,1,0,0,0,0,0,2,4,514,9,1,0,1266,0,21,0,0,0,66,0,0,0,0,0,3,0,0
2020-03-14,0,1,3,0,0,0,2,0,3,1,1,0,0,0,0,0,4,0,0,0,0,0,0,0,0,2,0,0,0,0,0,0,1,0,0,0,3193,0,0,0,0,0,0,0,0,0,0,1,7,0,0,0,2,2,0,0,0,0,0,0,0,0,91,0,0,0,9,0,3,0,0,0,0,1,0,0,0,0,0,2,5,611,10,2,0,1441,0,22,0,0,0,72,0,0,0,0,0,3,0,0
2020-03-15,0,1,4,0,0,0,2,0,3,1,1,0,0,0,0,0,4,0,0,0,0,0,0,0,0,2,0,0,0,0,0,0,1,0,0,0,3203,0,0,0,0,0,0,0,0,0,0,2,7,0,0,0,2,2,0,0,0,0,0,0,0,0,91,0,0,0,11,0,4,0,0,0,0,1,0,0,0,1,5,2,5,724,10,2,0,1809,0,24,0,0,0,75,0,0,0,0,0,3,0,0
2020-03-16,0,1,4,0,0,0,2,0,3,3,1,0,1,0,0,0,5,0,0,0,0,0,0,0,0,2,0,0,0,0,0,0,4,0,0,0,3217,0,0,0,0,0,0,0,0,0,0,3,7,0,0,0,2,2,0,0,0,0,0,0,0,0,149,0,0,0,17,0,4,0,1,0,0,1,0,0,0,1,0,2,5,853,10,2,0,2158,0,30,0,0,0,75,0,0,0,0,0,3,0,0
2020-03-17,0,1,4,0,0,0,2,0,5,3,1,0,1,0,0,0,10,0,0,0,0,0,0,1,0,2,0,0,0,0,0,0,5,0,0,0,3230,0,0,0,0,0,0,0,0,0,0,4,7,0,0,1,2,4,0,0,0,0,0,0,0,0,149,0,0,0,24,0,5,0,1,0,0,1,0,0,0,1,1,3,5,988,11,2,0,2503,0,30,0,0,0,81,0,0,0,0,0,3,0,0
2020-03-18,0,2,7,0,0,0,2,0,6,4,1,0,1,1,0,0,14,0,0,0,0,0,0,3,0,2,1,0,0,0,0,0,8,0,0,0,3241,0,0,0,0,0,0,0,1,0,0,4,7,0,0,1,2,6,0,0,0,0,0,0,0,0,149,0,0,0,28,0,5,0,1,0,0,1,0,0,0,1,1,3,19,1135,12,2,0,2978,0,32,0,0,0,84,0,0,0,0,0,3,0,0
2020-03-19,0,2,9,0,0,0,3,0,6,6,1,0,1,1,0,0,21,0,0,0,0,0,0,6,0,3,1,0,0,0,0,0,9,0,0,0,3249,0,0,0,0,1,0,1,1,0,0,6,7,0,0,2,3,6,0,0,0,0,0,0,0,0,244,0,0,0,44,0,6,0,1,0,0,1,0,0,0,1,1,4,25,1284,13,3,0,3405,1,33,0,0,0,91,0,0,0,0,0,4,0,0
2020-03-20,0,2,11,0,0,0,3,0,7,6,1,0,1,1,0,0,37,0,0,0,0,0,0,11,0,3,1,0,0,0,0,0,12,0,0,0,3253,0,0,0,0,1,0,1,1,0,0,9,7,0,0,2,5,8,0,0,0,0,0,0,0,0,451,1,0,0,67,0,6,0,1,0,0,1,0,0,0,3,0,5,32,1433,17,3,0,4032,1,34,0,3,0,94,0,0,0,0,0,4,0,0
2020-03-21,0,2,15,0,0,0,4,0,7,8,1,0,1,2,0,0,67,0,0,0,0,1,0,15,0,3,2,0,0,0,0,0,19,0,0,0,3259,0,0,0,1,2,0,1,1,0,0,13,8,0,0,2,7,10,0,0,0,0,0,0,0,1,563,1,0,0,84,1,13,0,1,0,0,1,0,0,0,4,1,4,38,1556,17,3,1,4825,1,36,0,0,0,102,0,0,0,0,0,4,0,0
2020-03-22,1,2,17,1,0,0,4,0,7,16,1,0,2,2,0,0,75,0,0,0,0,1,0,25,0,3,4,0,0,0,0,0,21,0,0,1,3274,2,0,0,1,2,0,1,1,1,1,13,8,0,0,3,14,14,0,0,0,0,0,0,0,1,676,1,0,0,94,1,15,0,1,0,0,1,0,0,0,6,1,7,48,1685,20,4,1,5476,1,40,0,0,0,111,0,0,0,0,0,4,0,0
2020-03-23,1,4,17,1,0,0,4,0,7,21,1,0,2,3,0,0,88,0,0,0,0,1,0,34,0,3,4,0,0,0,0,0,25,0,0,2,3274,3,0,0,1,2,0,1,1,1,1,24,8,0,0,3,18,19,0,0,0,0,0,0,0,1,862,1,1,0,123,2,17,0,1,0,0,1,0,0,0,7,1,10,49,1812,23,6,1,6077,1,41,0,0,0,111,1,0,0,0,0,4,0,0
2020-03-24,1,5,19,1,0,0,6,0,8,28,1,0,3,4,0,0,122,0,0,0,0,3,0,46,0,3,4,0,0,1,0,0,26,0,0,2,3281,3,0,0,2,2,0,1,1,3,3,32,10,0,0,6,27,20,0,0,0,0,0,0,0,1,1102,1,1,0,157,2,20,0,1,0,0,1,0,0,0,9,2,10,55,1934,27,7,3,6820,1,42,0,0,0,120,1,0,0,0,0,4,0,0
2020-03-25,2,5,21,1,0,0,8,0,8,30,2,0,4,5,0,0,178,0,0,0,0,3,0,59,0,3,4,0,0,1,0,1,30,0,0,3,3285,4,0,0,2,2,0,1,1,3,6,34,10,0,0,10,28,21,0,0,0,1,0,0,0,3,1333,1,1,0,206,4,22,0,1,0,0,1,0,0,0,10,2,12,58,2077,29,9,5,7503,1,45,0,0,0,126,1,0,0,0,0,6,0,0
2020-03-26,4,6,25,3,0,0,9,1,13,49,3,0,4,5,0,0,220,0,0,0,0,3,0,77,0,3,7,0,0,1,0,1,38,0,0,4,3291,6,0,0,3,2,0,3,2,3,9,41,10,0,0,10,34,24,0,0,0,1,0,0,0,5,1698,1,1,0,267,4,26,0,1,0,0,1,0,0,1,10,2,20,78,2234,36,19,8,8215,1,47,0,1,1,131,1,0,0,0,0,6,0,0
2020-03-27,4,8,26,3,0,0,13,1,13,58,3,0,4,5,0,0,289,0,0,0,0,4,0,92,0,3,9,0,0,1,0,2,54,0,0,5,3296,6,0,0,3,2,0,3,2,5,9,52,10,0,0,20,36,30,0,0,0,1,0,0,0,7,1997,1,1,0,342,4,28,0,1,0,0,1,0,0,1,10,2,20,87,2378,40,22,12,9134,1,53,1,1,1,139,1,0,0,0,0,8,0,0
2020-03-28,4,10,29,3,0,0,18,1,14,68,4,0,4,5,0,0,353,0,0,0,0,5,0,111,1,7,11,0,0,1,0,2,61,0,0,6,3299,6,0,0,6,2,0,5,3,5,11,65,10,0,0,28,48,36,0,0,0,1,0,0,0,9,2317,1,1,0,433,5,32,0,1,0,0,1,0,0,1,11,2,24,102,2517,42,36,12,10023,1,56,1,1,1,144,1,0,0,0,0,8,0,0
2020-03-29,4,10,31,6,2,0,19,3,16,86,4,0,4,5,0,0,431,0,0,0,1,6,0,136,1,8,12,0,0,1,0,6,64,0,0,7,3304,10,0,0,6,2,1,6,3,5,16,72,10,0,0,39,58,40,0,0,0,3,0,0,0,11,2611,1,1,0,533,5,38,0,1,0,0,1,0,0,3,13,2,27,114,2640,42,46,15,10779,1,63,3,1,1,152,1,0,0,0,0,10,0,0
2020-03-30,4,11,35,8,2,0,23,3,17,108,4,0,4,5,0,0,513,0,0,0,4,10,0,159,1,8,12,0,0,1,0,6,80,0,0,8,3308,12,0,0,8,2,1,6,4,7,23,77,10,0,0,42,60,41,0,0,0,3,0,0,0,13,3030,1,1,0,645,5,43,0,1,0,0,1,0,0,7,15,2,32,122,2757,46,54,16,11591,1,65,5,1,1,158,1,0,0,0,0,11,0,0
2020-03-31,4,15,44,12,2,0,27,3,18,128,5,0,4,5,0,1,705,0,0,0,6,13,1,201,1,8,14,1,0,1,0,6,101,0,0,12,3309,16,0,0,8,2,1,6,6,8,31,90,10,0,0,51,75,46,1,0,0,4,0,0,0,17,3532,1,1,0,775,5,49,0,1,0,0,2,0,0,7,16,2,35,136,2898,50,71,20,12428,1,67,5,2,1,162,1,0,0,0,0,12,0,0
2020-04-01,4,15,58,14,2,0,28,4,20,146,5,1,4,6,0,2,828,0,0,0,7,13,1,240,1,10,16,1,0,1,0,6,109,0,0,16,3316,17,0,0,9,2,1,6,6,9,39,104,11,0,0,57,93,52,1,0,0,5,0,0,0,17,4414,1,1,0,920,5,50,0,1,0,0,2,0,0,10,20,2,58,157,3036,52,85,26,13155,3,72,5,3,1,165,1,0,0,0,0,14,0,0
2020-04-02,6,16,86,15,2,0,36,7,24,158,5,1,4,6,0,4,1011,0,0,0,8,16,1,324,1,10,16,1,0,1,0,7,139,0,0,18,3322,19,0,2,13,2,1,7,6,10,44,123,11,0,0,60,120,58,2,0,0,11,0,0,0,19,5398,1,1,0,1107,5,53,0,1,0,0,4,0,0,14,21,4,72,170,3160,54,98,36,13915,3,75,5,3,3,169,1,0,0,0,0,16,0,0
2020-04-03,6,17,105,16,2,0,39,7,28,168,5,1,4,6,0,4,1143,0,0,0,9,17,1,359,1,14,16,1,0,1,0,8,179,0,0,22,3326,25,0,2,13,2,1,8,6,11,53,139,11,0,0,68,145,66,2,0,0,12,0,0,0,20,6520,1,1,0,1275,5,63,0,1,0,0,4,0,0,15,26,4,72,181,3294,54,120,40,14681,3,81,5,6,4,174,1,0,1,0,1,17,0,0
2020-04-04,7,20,130,17,2,0,43,7,30,186,5,4,4,8,0,5,1283,0,0,0,10,21,1,445,1,17,16,1,0,1,0,9,218,0,0,27,3330,32,0,2,18,2,1,12,6,11,59,161,11,0,0,68,172,71,3,0,0,13,0,0,0,25,7574,1,1,1,1444,5,68,0,2,0,0,4,0,0,15,32,4,86,191,3452,56,137,44,15362,3,87,5,5,4,177,1,1,1,0,1,17,0,1
2020-04-05,7,20,152,18,2,0,44,7,35,204,7,4,4,9,1,8,1447,0,0,0,10,23,1,486,1,20,17,1,0,1,0,9,259,0,0,34,3333,35,0,5,18,2,3,15,8,9,67,179,11,0,0,82,180,78,3,0,0,15,0,2,0,28,8093,1,1,2,1584,5,73,0,2,0,0,4,1,0,22,34,4,99,198,3603,61,158,49,15887,3,93,5,6,4,183,1,1,1,0,1,18,0,3
2020-04-06,11,21,173,21,2,0,48,8,40,220,7,5,4,12,2,13,1632,1,1,0,11,29,1,564,1,22,18,1,0,1,0,9,339,0,0,37,3335,46,0,5,18,2,3,16,9,9,78,187,11,0,0,86,191,85,4,0,0,19,0,2,0,27,8926,1,1,2,1810,5,79,0,3,0,0,4,1,0,22,38,6,136,209,3739,64,174,57,16523,3,96,6,6,6,186,1,1,4,0,1,19,0,3
2020-04-07,14,22,193,22,2,1,56,8,45,243,8,6,5,17,3,13,2035,1,1,0,14,33,1,686,1,23,19,1,0,1,0,9,375,0,0,43,3335,50,0,5,18,2,3,18,11,9,88,203,11,0,0,98,191,94,4,0,0,21,0,2,0,34,10343,1,1,3,2016,5,81,0,3,0,0,5,1,0,22,47,6,150,221,3872,65,210,65,17127,3,98,6,6,6,192,3,1,4,0,2,19,0,3
2020-04-08,14,22,205,23,2,2,63,9,50,273,8,7,5,20,3,13,2240,1,1,0,15,34,1,819,1,24,23,3,0,1,0,10,407,0,0,48,3337,54,0,5,18,3,3,19,12,9,99,218,11,0,0,108,242,103,5,0,0,24,0,2,0,40,10887,1,1,3,2349,6,83,0,3,0,0,6,1,0,22,58,6,178,240,3993,69,235,73,17669,4,105,6,7,6,200,5,1,4,0,2,19,0,4
2020-04-09,15,23,235,25,2,2,72,10,51,295,9,8,5,21,3,16,2523,1,1,0,18,35,1,950,1,24,24,3,0,1,0,10,503,0,0,57,3339,69,0,5,18,3,3,20,15,10,112,237,11,0,0,118,272,118,6,0,0,24,0,2,0,42,12228,1,1,3,2607,6,87,0,3,0,0,6,2,0,23,66,6,226,280,4110,69,263,86,18279,4,113,7,8,7,204,6,1,4,0,3,19,0,4
2020-04-10,15,23,256,26,2,2,82,12,54,319,10,8,6,27,4,19,3019,2,1,0,19,36,1,1057,1,25,24,3,0,1,0,12,557,0,0,65,3340,80,0,5,20,3,3,21,15,10,119,247,11,1,0,126,297,135,6,0,0,24,0,3,0,48,13215,1,1,3,2767,6,92,0,3,0,0,6,2,0,23,77,7,246,306,4232,70,287,95,18849,4,125,7,10,7,208,7,1,5,0,3,20,0,5
2020-04-11,18,23,275,26,2,2,83,13,57,337,11,8,6,30,4,23,3346,2,1,0,20,37,1,1124,1,28,27,3,0,1,0,12,654,0,0,73,3343,100,0,5,20,3,4,21,16,10,129,260,11,2,0,135,315,146,6,0,0,24,0,3,0,49,13851,1,1,3,2736,8,93,0,3,0,0,6,2,0,24,85,8,288,327,4357,72,320,101,19468,4,138,7,10,7,211,7,1,5,0,3,20,0,5
2020-04-12,18,23,293,29,2,2,90,13,60,350,11,8,6,34,4,26,3600,2,1,0,24,39,1,1223,1,29,27,4,0,1,0,12,714,0,0,80,3343,109,0,5,20,3,5,23,18,11,138,273,11,2,0,173,333,159,6,0,0,25,0,3,0,56,14412,1,1,3,3022,8,98,0,5,0,0,6,3,0,25,99,8,331,373,4474,76,334,103,19899,4,147,7,10,8,214,7,1,5,0,5,20,0,5
2020-04-13,21,23,313,29,2,2,97,14,61,368,12,8,6,39,4,29,3903,2,1,0,27,39,1,1328,1,32,27,4,1,1,0,12,781,0,0,82,3345,112,0,5,20,3,6,25,21,12,143,285,11,2,0,177,355,164,6,0,0,28,0,3,0,59,14986,1,1,3,3194,8,99,0,5,0,0,6,3,0,25,109,8,358,399,4585,78,365,116,20465,4,156,7,12,9,217,7,2,5,0,5,20,0,6
2020-04-14,23,24,326,31,2,2,102,16,62,384,13,8,7,46,4,33,4157,2,1,0,28,40,1,1532,1,35,30,4,1,1,0,14,901,0,0,92,3345,127,0,5,20,3,6,31,21,12,161,299,12,2,0,183,369,178,6,0,0,31,0,3,0,64,15731,1,1,3,3294,8,101,0,5,0,0,6,3,0,26,122,8,393,459,4683,78,406,123,21067,4,170,7,14,9,222,8,3,5,0,5,21,0,6
2020-04-15,25,25,336,33,2,2,111,17,63,393,13,8,7,50,5,36,4440,2,1,0,28,41,1,1736,1,36,32,4,1,1,0,17,1008,0,0,94,3346,131,0,5,21,4,6,33,24,12,166,309,12,2,0,189,388,183,6,0,0,35,0,3,0,72,17169,1,1,3,3804,8,102,0,5,1,0,6,3,0,31,134,8,405,469,4777,79,444,130,21645,5,186,7,16,10,225,8,3,5,0,5,21,0,6
2020-04-16,30,26,348,33,2,3,115,18,63,410,15,8,7,60,5,40,4857,2,1,0,29,43,1,1924,1,38,32,4,1,1,0,22,1259,0,0,105,3346,144,0,5,22,4,6,35,27,12,169,321,12,2,0,196,403,196,6,0,0,36,1,3,0,75,17922,1,1,3,4052,8,105,0,5,1,0,6,3,0,35,142,8,448,496,4869,80,486,142,22170,5,204,7,17,11,229,9,3,5,0,5,21,0,6
2020-04-17,30,26,364,35,2,3,123,19,66,431,15,9,7,75,5,42,5163,2,1,0,31,46,1,2141,1,41,35,4,1,1,0,22,1356,0,0,116,4636,153,0,6,23,4,6,36,31,12,173,336,13,2,0,200,421,205,7,0,0,38,1,3,0,82,18683,1,1,3,4352,8,108,0,7,3,0,6,3,0,41,156,9,486,520,4958,81,530,151,22745,5,217,7,17,11,230,11,5,5,0,5,21,0,7
2020-04-18,30,26,367,35,2,3,129,20,67,443,18,9,7,84,5,45,5453,2,1,0,31,47,1,2354,1,41,36,5,1,1,0,22,1401,0,0,126,4636,166,0,6,25,4,8,39,32,12,181,346,13,2,0,217,456,224,7,0,0,38,1,3,0,90,19325,1,1,4,4459,9,110,0,7,3,0,6,3,0,46,172,9,521,535,5031,82,571,164,23227,5,236,7,17,12,232,12,6,5,0,5,21,0,7
2020-04-19,33,26,375,36,2,3,132,20,67,452,19,9,7,91,5,47,5683,2,1,0,32,48,1,2462,1,42,36,5,1,1,0,42,1565,0,0,133,4636,179,0,6,25,5,9,47,34,12,186,355,13,2,0,226,474,239,7,0,0,40,1,3,0,94,19720,1,1,4,4586,9,113,0,7,5,0,7,3,0,46,189,9,559,582,5118,82,610,172,23660,5,255,7,17,14,234,12,7,5,0,5,21,0,8
2020-04-20,36,26,384,37,2,3,136,22,67,470,19,9,7,101,5,51,5828,2,1,0,33,49,1,2587,1,43,38,5,1,1,0,42,1727,0,0,139,4636,189,0,6,25,6,9,47,36,12,194,364,13,2,0,235,507,250,7,0,0,40,1,3,0,98,20267,1,1,4,4862,9,116,0,7,5,0,7,3,0,46,199,10,592,590,5209,82,687,177,24114,5,275,7,19,14,236,12,9,7,0,5,21,0,8
2020-04-21,36,26,392,37,2,3,147,24,67,491,20,9,7,110,5,55,5998,2,1,0,34,51,1,2741,1,45,38,5,1,1,0,43,1910,0,0,147,4636,196,0,6,25,6,13,48,38,12,201,370,13,2,0,245,520,264,7,0,0,43,1,3,0,141,20798,1,1,4,5033,9,121,0,7,6,0,7,3,0,46,213,10,645,616,5297,83,730,184,24648,6,303,7,19,14,237,15,11,7,0,9,21,0,8
2020-04-22,40,27,402,37,2,3,152,24,67,510,20,9,7,120,5,58,6262,2,1,0,37,53,1,2906,1,49,39,5,1,1,0,43,2078,0,0,160,4636,206,0,6,25,6,14,48,40,13,208,384,13,2,0,260,537,276,7,1,0,44,1,3,0,149,21342,1,1,5,5279,9,121,0,8,6,0,7,4,0,46,225,10,681,635,5391,83,769,189,25085,6,323,7,19,14,238,18,13,7,0,11,22,0,8
2020-04-23,42,27,407,37,2,3,165,24,75,522,20,11,8,127,6,60,6490,2,1,0,43,54,1,3331,1,52,41,5,1,1,0,43,2241,0,0,168,4636,215,0,6,25,6,14,50,43,13,210,394,13,2,0,265,560,287,8,1,0,45,1,3,0,172,21858,2,1,5,5575,9,125,0,11,6,0,7,5,0,47,239,10,721,647,5481,83,794,192,25549,6,351,7,20,14,240,18,14,8,0,11,22,0,8
2020-04-24,43,27,415,40,2,3,176,27,79,530,21,11,8,131,6,63,6679,2,1,0,44,55,1,3704,1,54,41,5,1,1,0,43,2402,0,0,174,4636,225,0,6,25,6,14,51,49,14,214,403,13,2,0,267,576,294,8,1,0,46,1,3,0,177,22248,3,1,5,5760,10,130,0,11,6,0,7,5,0,55,262,10,780,689,5574,86,1014,194,25969,7,360,7,25,14,240,19,15,8,0,12,22,0,8
2020-04-25,47,27,419,40,2,3,185,28,80,536,21,11,8,140,6,67,6917,2,1,0,46,57,1,4057,1,55,41,5,1,1,0,53,2571,0,0,181,4636,233,0,6,28,6,14,54,51,14,218,418,13,2,0,273,576,307,8,1,0,46,1,3,0,186,22617,3,1,5,5877,10,130,0,13,7,0,7,6,0,59,262,10,825,720,5650,86,1063,199,26384,7,379,7,25,14,242,19,19,8,0,12,24,0,11
2020-04-26,50,28,425,40,2,3,192,28,83,542,21,11,8,145,6,72,7094,2,1,0,50,59,1,4286,1,56,42,5,1,1,0,56,2687,0,0,189,4637,244,0,6,28,6,14,55,54,14,220,422,13,2,0,278,576,317,8,1,0,49,1,3,0,190,22859,3,1,6,5976,11,134,0,15,7,1,8,6,0,59,272,10,881,743,5710,87,1087,201,26644,7,395,7,25,14,243,20,20,8,0,12,24,0,12
2020-04-27,57,28,432,40,2,3,197,29,83,549,22,11,8,152,6,75,7207,2,1,0,53,60,1,4603,1,58,42,5,1,1,0,58,2841,0,0,198,4637,253,0,6,28,6,14,59,56,15,223,427,13,2,0,282,663,337,8,1,0,50,1,3,0,193,23296,3,1,6,6126,11,136,0,15,7,1,8,6,0,61,280,10,939,765,5806,88,1102,204,26977,7,417,7,25,14,244,21,22,8,0,13,24,0,12
2020-04-28,58,30,437,41,2,3,207,30,89,569,22,11,8,155,6,79,7331,2,1,0,55,63,1,5083,1,58,42,5,1,1,0,58,2983,0,2,207,4637,269,0,8,30,6,14,63,58,15,227,434,13,2,0,286,871,359,8,1,0,50,1,3,0,199,23663,3,1,6,6314,16,138,0,15,7,1,8,6,0,64,291,10,1008,773,5877,90,1159,210,27359,7,436,8,25,14,246,22,23,8,0,13,24,0,16
2020-04-29,60,30,444,42,2,3,214,30,91,580,23,11,8,163,7,84,7501,2,1,0,59,65,1,5513,1,64,43,6,1,1,0,61,3155,0,2,216,4637,278,0,8,30,6,14,67,58,15,227,443,13,2,0,293,883,380,9,1,0,50,1,3,0,206,24090,3,1,6,6467,16,139,0,16,7,1,8,6,0,66,300,10,1079,784,5957,92,1190,215,27682,7,454,8,25,15,247,22,24,8,0,15,24,0,16
2020-04-30,64,31,450,42,2,3,218,32,93,584,24,11,8,168,7,89,7594,2,1,0,62,69,1,6006,1,66,43,6,1,1,0,61,3310,0,5,227,4637,293,0,9,31,6,14,69,61,15,236,452,13,2,0,301,900,392,10,1,0,52,1,3,0,211,24379,3,1,6,6623,17,140,0,16,7,1,9,8,0,71,312,10,1154,792,6028,93,1232,222,27967,8,481,8,25,17,248,22,26,8,0,15,24,0,16
2020-05-01,68,31,453,43,2,3,225,33,93,589,25,11,8,170,7,93,7703,2,2,0,66,70,1,6412,1,68,44,6,1,1,0,61,3537,0,5,234,4637,314,0,9,32,6,15,75,64,15,240,460,13,2,0,313,1063,406,10,1,0,52,1,3,0,218,24597,3,1,7,6736,17,140,0,16,7,1,9,8,0,75,323,10,1223,800,6091,94,1265,225,28236,8,510,8,25,21,250,22,30,8,0,16,24,0,18
2020-05-02,72,31,459,44,2,3,237,33,94,596,25,11,8,175,7,97,7765,2,2,0,71,72,1,6761,1,72,44,6,1,2,0,64,3684,0,10,247,4637,324,0,9,33,6,15,77,66,15,245,475,13,2,0,326,1371,415,11,1,0,53,1,3,0,220,24763,5,1,8,6812,18,143,0,17,7,1,9,8,0,76,335,10,1323,831,6156,95,1286,229,28710,8,536,9,25,22,250,22,33,8,0,16,25,0,18
2020-05-03,85,31,463,45,2,3,246,35,95,598,25,11,8,177,7,99,7844,2,2,0,76,77,1,7051,1,73,45,6,1,2,0,64,3795,0,10,260,4637,340,0,9,33,6,17,79,67,15,248,484,13,2,0,333,1564,429,11,1,0,55,1,3,0,230,24900,5,1,9,6866,18,144,0,17,7,1,9,9,0,82,340,10,1391,845,6203,97,1303,232,28884,9,560,9,27,24,252,22,38,10,0,16,25,0,18
2020-05-04,90,31,465,45,2,3,260,39,96,600,26,11,8,182,7,103,7924,2,2,0,82,78,1,7367,1,78,46,6,1,2,0,64,4003,0,10,270,4637,358,0,10,34,6,17,80,69,15,252,493,13,2,0,346,1569,436,13,3,0,55,1,3,0,240,25204,6,1,9,6993,18,146,0,19,9,1,9,11,0,83,351,10,1566,864,6277,98,1319,235,29079,9,582,9,29,24,254,22,40,10,0,16,25,0,18
2020-05-05,95,31,470,46,2,3,264,40,97,606,26,11,8,183,7,107,8016,2,2,0,86,79,1,7938,1,80,48,6,1,2,0,64,4190,0,17,275,4637,378,0,10,34,6,18,83,69,15,257,503,13,2,0,354,1569,452,14,3,0,55,1,4,0,246,25537,6,1,9,6993,18,146,0,19,10,1,10,12,0,93,363,10,1693,872,6340,102,1339,238,29315,9,593,9,29,24,255,26,40,11,0,17,25,0,20
2020-05-06,104,31,476,46,2,3,273,40,97,608,28,11,8,186,7,112,8339,2,2,0,91,86,1,8588,1,84,48,6,1,2,0,108,4366,0,17,281,4637,397,1,10,35,6,18,85,69,15,262,506,13,3,0,362,1618,469,15,4,0,55,2,4,0,252,25812,6,1,9,7275,18,147,0,21,11,2,10,12,0,99,373,10,1785,895,6418,102,1375,239,29684,9,605,9,30,26,256,26,42,12,0,17,25,0,20
2020-05-07,106,31,483,47,2,3,282,42,97,609,28,11,8,199,7,116,8415,2,2,0,102,90,1,9190,1,84,48,6,1,2,0,108,4541,0,27,285,4637,407,1,10,36,6,20,86,73,15,270,514,13,3,0,373,1654,482,15,4,0,56,2,4,0,255,25990,8,1,9,7392,18,148,0,23,11,2,10,12,0,105,383,10,1889,930,6486,102,1403,240,29958,9,617,9,30,29,256,26,44,12,0,18,25,0,20
2020-05-08,109,31,488,47,2,3,293,43,97,614,28,11,8,206,7,121,8521,2,2,0,106,98,1,10017,1,86,48,6,1,2,0,108,4697,0,28,294,4637,428,1,10,39,6,20,86,74,15,273,522,13,3,0,380,1704,503,16,4,0,56,2,4,0,260,26233,8,1,10,7510,18,150,0,24,11,2,10,12,0,107,392,10,1985,943,6541,104,1429,245,30201,9,634,9,31,29,256,27,47,12,0,18,26,0,20
2020-05-09,115,31,494,48,2,3,300,44,97,615,31,11,8,214,7,126,8581,2,2,0,114,102,1,10656,1,90,48,6,1,2,0,108,4823,0,31,304,4637,445,1,10,39,6,21,87,74,15,276,526,13,3,0,385,1717,514,17,4,0,60,2,5,0,265,26313,8,1,10,7549,22,151,0,24,11,3,10,12,0,108,405,10,2101,959,6589,107,1446,247,30395,9,654,9,31,30,256,28,49,12,0,18,26,0,20
2020-05-10,120,31,502,48,2,3,305,45,97,618,32,11,8,228,7,131,8656,2,2,0,118,107,1,11123,1,91,49,6,1,2,0,114,4991,0,31,312,4637,463,1,10,41,7,21,90,77,16,280,529,13,3,0,388,2127,525,17,4,0,60,2,5,0,267,26383,8,1,10,7569,22,151,0,26,11,3,10,15,0,108,413,10,2212,973,6640,109,1458,252,30560,9,666,9,31,32,256,28,58,12,0,18,26,0,20
2020-05-11,122,31,507,48,2,3,314,46,97,620,32,11,8,239,7,135,8707,2,2,0,122,113,1,11653,1,93,50,6,1,2,0,125,5115,0,31,323,4637,479,1,11,41,7,21,91,77,16,282,533,13,3,0,393,2145,533,18,4,0,61,2,5,0,271,26646,9,1,11,7661,22,151,0,26,11,3,10,16,0,116,421,10,2294,991,6685,110,1467,258,30739,9,685,9,32,33,258,28,65,12,0,18,26,0,20
2020-05-12,127,31,515,48,2,3,319,47,98,623,33,11,9,250,7,142,8761,2,2,0,128,117,1,12461,1,95,51,6,1,2,0,125,5300,0,40,335,4637,493,1,11,44,7,21,91,78,16,283,527,13,3,0,402,2327,544,20,4,0,61,2,5,0,275,26994,9,1,11,7738,22,152,0,27,11,3,10,16,0,121,425,10,2415,1007,6733,112,1488,260,30911,9,707,9,32,36,259,28,75,12,0,18,26,0,20
2020-05-13,132,31,522,49,2,3,329,48,98,624,35,11,10,269,7,146,8843,2,2,0,142,120,1,13240,1,96,51,6,1,2,0,136,5425,0,42,346,4637,509,1,11,50,8,24,94,79,17,290,533,13,3,0,409,2334,556,20,6,0,61,2,5,0,284,27077,9,1,11,7861,24,155,0,29,14,3,10,18,0,123,430,10,2551,1028,6783,115,1497,264,31106,9,726,9,32,40,260,29,82,12,0,19,26,0,20
2020-05-14,136,31,529,49,2,3,353,49,98,626,35,11,10,283,7,151,8903,2,2,0,152,122,1,13999,1,99,51,6,1,2,0,139,5592,0,46,368,4637,525,1,15,50,8,24,94,79,17,293,537,13,3,0,422,2338,571,23,7,0,62,2,5,0,287,27428,10,1,12,7884,24,156,0,29,15,3,10,20,0,133,436,10,2649,1043,6854,115,1506,265,31368,9,742,9,32,42,260,29,88,12,0,19,26,0,20
2020-05-15,153,31,536,49,2,3,356,52,98,628,36,11,12,298,7,156,8959,2,2,0,164,128,1,14962,1,102,51,6,1,2,0,140,5679,0,48,394,4637,546,1,15,50,9,24,95,79,17,295,537,13,4,0,424,2594,592,25,7,0,63,2,5,0,293,27532,10,1,12,7897,28,160,0,30,15,3,10,20,0,134,442,10,2753,1076,6902,117,1518,266,31610,9,760,9,34,45,262,29,96,14,0,19,26,0,20
2020-05-16,168,31,542,51,2,3,363,55,98,629,36,11,12,314,7,160,9005,2,2,0,165,129,1,15662,1,105,51,6,1,3,0,140,5800,0,50,421,4638,562,1,15,61,10,25,95,79,17,296,543,13,4,0,428,2688,612,26,7,0,63,2,5,0,297,27532,11,1,12,7938,29,162,0,33,16,4,10,20,0,138,448,10,2871,1089,6937,121,1533,268,31763,9,778,9,34,50,262,29,107,14,0,19,26,0,20
2020-05-17,169,31,548,51,2,3,373,60,99,629,39,11,12,328,7,165,9052,2,2,0,169,133,1,16118,1,108,51,6,1,3,0,140,5903,0,53,450,4638,574,1,15,61,10,27,95,79,17,298,547,13,4,0,428,2736,630,30,7,0,63,2,5,0,298,28111,11,1,12,7962,29,163,0,33,16,4,10,20,0,142,451,10,3025,1148,6988,123,1543,272,31908,9,787,9,34,50,263,29,112,14,0,19,26,0,21
2020-05-18,173,31,555,51,3,3,382,61,99,629,40,11,12,349,7,171,9080,2,2,0,174,133,1,16853,1,110,51,6,1,3,0,140,5960,0,53,478,4638,592,1,15,61,10,28,95,79,17,297,548,13,7,0,434,2799,645,30,7,0,64,2,5,0,300,28242,11,1,12,8003,29,165,0,35,16,4,10,21,0,146,462,10,3156,1191,7057,127,1547,276,32007,9,796,9,35,50,263,29,118,14,0,19,26,0,22
2020-05-19,178,31,561,51,3,3,393,64,100,632,41,11,12,370,7,175,9108,2,2,0,189,134,1,17983,1,112,51,6,1,3,0,140,6028,0,56,509,4638,613,1,15,61,10,28,96,79,17,302,551,13,7,0,441,2839,659,30,7,0,64,2,5,0,301,28025,12,1,12,8081,31,165,0,43,18,6,10,21,0,147,467,10,3302,1221,7119,131,1561,278,32169,9,805,9,35,50,263,29,121,14,0,21,26,0,23
2020-05-20,187,31,568,51,3,3,403,67,100,633,43,11,12,386,7,179,9150,2,2,0,199,136,1,18859,1,116,52,6,1,3,0,146,6150,0,57,544,4638,630,1,15,61,10,29,96,79,17,304,554,13,9,0,446,2888,680,31,7,0,64,2,5,0,304,28135,12,1,12,8144,31,166,0,45,18,6,10,22,0,147,470,10,3434,1242,7183,134,1571,279,32330,9,818,9,35,50,264,29,124,14,0,21,26,0,23
2020-05-21,193,31,575,51,3,3,416,70,101,633,44,11,12,408,7,185,9186,2,3,0,215,140,1,20047,1,120,52,6,1,3,0,156,6267,0,58,589,4638,652,1,16,61,10,29,97,80,17,306,561,13,10,0,448,2939,696,33,10,0,64,2,5,0,306,28218,12,1,12,8203,31,168,0,48,18,6,10,25,0,156,473,10,3584,1278,7249,140,1583,279,32486,9,826,9,35,50,264,29,129,14,0,22,26,0,23
2020-05-22,205,31,582,51,3,3,433,74,101,635,46,11,12,432,7,190,9212,2,3,0,230,141,1,21048,1,125,52,6,1,3,0,159,6360,0,58,630,4638,682,1,16,63,10,29,99,81,17,312,561,13,10,0,456,3056,707,33,11,0,64,2,5,0,306,28292,12,1,12,8228,31,169,0,51,19,6,10,25,0,167,476,10,3726,1326,7300,147,1592,279,32616,9,836,9,35,50,266,29,138,14,0,22,26,0,24
2020-05-23,216,31,592,51,4,3,445,77,102,639,49,11,13,452,7,194,9237,2,3,0,240,141,1,22013,1,126,52,6,1,3,0,159,6466,1,60,673,4638,705,1,16,63,10,30,99,81,17,314,561,13,10,0,458,3096,735,33,11,0,64,2,5,0,306,28335,12,1,12,8261,31,171,0,55,20,6,10,26,0,167,482,10,3868,1351,7359,152,1604,279,32735,9,845,9,35,50,266,29,148,14,0,22,26,0,26
2020-05-24,218,32,600,51,4,3,452,81,102,640,49,11,14,480,7,199,9280,2,3,0,250,144,1,22666,1,130,52,6,1,3,0,165,6534,1,60,718,4638,727,1,16,63,10,30,99,82,17,315,562,13,10,0,458,3108,764,35,11,0,64,2,5,0,307,28370,12,1,12,8283,32,171,0,58,20,6,10,26,0,180,486,10,4024,1372,7417,160,1608,279,32785,9,852,9,35,51,267,29,156,14,0,22,26,0,26
2020-05-25,219,32,609,51,4,3,467,87,102,641,51,11,14,501,7,204,9312,2,3,0,261,146,1,23473,1,130,52,6,1,3,0,165,6655,1,61,761,4638,750,1,16,67,10,30,100,82,17,317,563,13,14,0,460,3203,783,35,12,0,65,2,5,0,308,28460,14,1,12,8309,32,172,0,59,20,7,11,27,0,182,491,10,4172,1391,7451,163,1606,281,32877,9,857,9,35,52,269,30,165,16,0,22,26,0,26
2020-05-26,220,33,617,51,4,3,484,91,103,643,52,11,14,522,7,208,9334,2,3,0,274,149,1,24512,1,130,52,6,1,4,0,175,6753,1,62,806,4638,776,1,16,68,10,30,101,82,17,317,563,13,14,0,468,3203,797,36,12,0,65,2,6,0,312,28533,14,1,12,8372,34,173,0,63,20,7,11,33,0,188,499,10,4344,1418,7508,169,1615,281,32955,9,863,9,37,52,269,30,172,16,0,22,26,0,26
2020-05-27,227,33,623,51,4,3,500,98,103,645,54,11,15,544,7,214,9364,2,3,0,280,151,1,25598,2,133,53,6,1,4,0,175,6876,1,64,841,4638,803,2,19,68,10,31,101,82,17,317,565,13,18,0,474,3275,816,39,12,0,66,2,6,0,313,28599,14,1,12,8428,34,173,0,68,20,7,11,34,0,194,505,10,4534,1473,7564,175,1631,281,33072,9,870,9,37,55,269,30,175,16,0,23,26,0,27
2020-05-28,235,33,630,51,4,3,508,113,103,668,56,11,15,559,7,219,9388,2,3,0,293,153,1,26754,2,134,53,6,1,4,0,175,6982,1,65,890,4638,822,2,19,69,10,32,102,82,17,319,568,13,20,0,485,3313,845,39,12,0,66,2,7,0,313,28665,14,1,12,8470,34,175,0,80,22,8,11,34,0,196,509,10,4711,1496,7627,179,1639,284,33142,9,881,9,37,58,269,30,185,16,0,24,26,0,27
2020-05-29,246,33,638,51,4,3,520,120,103,668,58,11,15,582,7,224,9430,2,3,0,300,153,1,27878,2,136,53,6,1,4,0,177,7063,1,65,944,4638,853,2,19,69,10,32,103,82,17,319,568,13,20,0,488,3334,879,42,12,0,67,2,8,0,314,28717,15,1,12,8504,34,175,0,90,22,8,11,35,0,196,517,10,4980,1520,7677,185,1645,284,33229,9,887,9,37,62,269,30,194,16,0,24,26,0,27
2020-05-30,249,33,646,51,4,3,528,127,103,668,61,11,17,610,7,229,9453,2,3,0,310,153,1,28834,2,139,53,6,1,4,0,191,7159,1,65,997,4638,890,2,19,69,10,33,103,83,17,319,571,13,22,0,498,3334,913,46,12,0,67,2,8,0,316,28774,17,1,12,8530,35,175,0,102,23,8,12,41,0,201,524,10,5185,1573,7734,195,1651,284,33340,9,894,9,38,63,270,30,205,16,0,24,26,0,27
2020-05-31,257,33,653,51,4,3,539,131,103,668,63,11,19,650,7,235,9467,2,3,0,313,153,1,29314,2,140,53,6,1,4,0,191,7374,2,65,1054,4638,939,2,20,72,10,33,103,83,17,320,574,13,24,0,502,3358,959,46,12,0,68,2,11,0,320,28805,17,1,12,8540,36,175,0,108,23,8,12,44,0,212,526,10,5408,1613,7797,205,1652,285,33415,9,898,9,40,64,271,30,212,16,0,24,27,0,27
2020-06-01,265,33,661,51,4,3,556,139,102,668,68,11,19,672,7,240,9486,2,3,0,343,154,1,29937,2,140,53,6,1,4,0,199,7404,4,66,1113,4638,969,2,20,72,10,33,103,83,17,321,576,13,24,0,502,3358,1005,46,12,0,68,3,12,0,318,28836,17,1,12,8555,36,179,0,116,23,8,12,45,0,217,527,10,5608,1641,7878,215,1650,285,33475,9,899,9,41,69,272,30,220,16,0,24,27,0,27
2020-06-02,270,33,667,51,4,3,569,158,102,669,71,11,19,709,7,243,9505,2,3,0,376,157,1,31199,2,144,53,6,1,5,0,200,7478,4,66,1188,4638,1009,2,20,72,10,33,103,83,17,323,580,13,25,0,515,3438,1052,49,12,0,68,3,14,0,320,28943,20,1,13,8563,38,179,0,123,23,8,12,45,0,225,532,10,5829,1663,7942,235,1658,290,33530,9,902,9,44,71,273,30,226,17,0,24,27,0,28
2020-06-03,294,33,673,51,4,3,583,170,102,670,76,11,20,746,7,248,9522,2,3,0,400,157,1,32548,2,146,53,6,1,5,0,200,7579,4,66,1275,4638,1045,2,20,75,10,35,103,83,17,325,580,13,26,0,516,3486,1088,51,12,0,69,3,17,0,321,29024,20,1,13,8602,38,179,0,143,23,8,12,48,0,234,534,10,6088,1698,8012,256,1659,291,33601,10,905,9,48,74,273,30,230,20,0,24,27,0,28
2020-06-04,300,33,681,51,4,3,608,176,102,670,78,11,21,781,7,253,9548,2,3,0,415,159,1,34021,2,147,53,6,1,5,0,203,7717,4,66,1356,4638,1087,2,20,78,10,35,103,83,17,326,582,13,26,0,520,3486,1126,52,12,0,69,3,18,0,322,29068,21,1,13,8635,38,180,0,158,23,8,12,50,0,243,539,10,6363,1721,8071,271,1664,291,33689,10,911,9,52,78,273,30,236,20,0,25,28,0,28
2020-06-05,309,33,690,51,4,3,632,183,102,672,82,11,22,811,7,259,9566,2,3,0,427,159,1,35026,2,159,53,6,1,5,0,205,7778,4,68,1448,4638,1145,2,20,81,10,36,103,83,17,327,586,13,26,0,525,3534,1166,53,12,0,69,3,19,0,322,29114,21,1,13,8658,42,180,0,216,23,12,12,50,0,248,542,10,6649,1770,8134,285,1670,291,33774,10,916,9,52,79,273,30,244,22,0,25,28,0,30
2020-06-06,327,34,698,51,4,3,648,190,102,672,84,11,24,846,7,263,9580,2,3,0,454,159,1,35930,2,160,53,6,1,5,0,212,7850,5,69,1541,4638,1205,2,22,82,10,36,104,83,18,327,587,13,26,0,536,3608,1198,53,12,0,69,3,20,0,322,29145,21,1,13,8673,44,180,0,230,23,12,12,50,0,250,545,10,6946,1801,8209,318,1678,295,33846,10,915,9,53,83,273,30,254,22,0,25,29,0,30
2020-06-07,357,34,707,51,4,3,664,200,102,672,88,11,26,888,7,269,9595,2,3,0,465,159,1,36455,2,160,53,6,1,5,0,212,7877,5,69,1637,4638,1259,2,22,85,10,36,104,83,18,327,589,13,28,0,538,3621,1237,53,12,0,69,3,27,0,323,29158,21,1,13,8685,44,180,0,252,23,12,12,51,0,258,546,10,7207,1851,8281,346,1679,298,33899,10,917,9,56,84,273,30,264,22,0,25,30,0,30
2020-06-08,369,34,715,51,4,3,693,211,102,672,93,11,27,930,7,276,9606,2,4,0,475,160,1,37134,2,164,53,6,1,5,0,212,7910,5,70,2264,4638,1308,2,22,88,11,38,104,83,18,328,593,13,31,0,539,3642,1271,56,12,0,69,3,27,0,323,29212,21,1,13,8695,48,182,0,267,23,12,12,54,0,262,548,10,7473,1883,8351,370,1683,298,33964,10,920,9,56,85,274,31,269,23,0,26,30,0,30
2020-06-09,384,34,724,51,4,3,717,217,102,672,98,11,29,975,7,282,9619,2,4,0,487,160,1,38406,2,167,53,6,1,5,0,212,7970,5,71,2283,4638,1372,2,24,90,11,38,106,83,18,328,593,13,34,0,544,3690,1306,60,12,0,69,3,32,0,324,29299,21,1,13,8736,48,183,0,289,23,12,12,56,0,271,550,10,7750,1923,8425,392,1691,299,34043,10,920,9,61,88,276,31,273,24,0,26,30,0,31
2020-06-10,405,34,732,51,4,3,735,227,102,673,102,11,31,1012,7,288,9629,2,4,0,512,161,1,39680,2,167,53,6,1,5,0,212,8038,5,72,2475,4638,1433,2,24,96,12,41,106,83,18,330,593,13,34,0,550,3720,1342,64,12,0,69,3,35,0,324,29322,22,1,13,8752,48,183,0,316,23,12,12,58,0,290,551,10,8102,1959,8506,426,1695,299,34114,10,922,9,67,89,276,31,275,26,0,26,30,0,31
2020-06-11,426,35,741,51,5,3,765,245,102,674,108,11,34,1049,7,293,9636,2,4,0,533,161,1,40919,2,168,53,6,1,6,0,212,8071,5,72,2648,4638,1488,2,24,98,12,41,106,84,18,328,593,13,37,0,561,3720,1377,68,12,0,69,3,40,0,325,29349,23,1,13,8772,48,183,0,334,23,12,12,64,0,294,553,10,8498,2000,8584,457,1703,300,34167,10,922,9,67,92,277,31,279,26,0,26,31,0,31
2020-06-12,446,36,751,51,5,3,785,258,102,675,113,11,36,1095,7,298,9646,2,5,0,559,163,1,41828,2,172,53,6,1,6,0,212,8125,7,72,2870,4638,1545,2,24,101,12,45,107,84,18,329,594,13,38,0,568,3828,1422,68,12,0,69,3,47,0,325,29377,23,1,13,8783,48,183,0,351,24,15,12,64,0,306,555,10,8884,2048,8659,496,1705,300,34223,10,924,9,70,96,277,31,285,26,0,27,31,0,32
2020-06-13,451,36,760,51,6,3,815,264,102,677,115,11,37,1139,7,303,9650,2,6,0,585,163,1,42720,2,172,53,6,1,6,0,212,8183,7,72,3101,4638,1592,2,24,106,12,45,107,84,18,328,597,13,41,0,577,3874,1484,72,12,0,69,3,55,0,325,29401,23,1,14,8793,48,183,0,367,25,15,12,70,0,310,559,10,9195,2091,8730,549,1705,300,34301,10,927,9,73,100,277,31,289,27,0,28,32,0,32
2020-06-14,471,36,767,51,6,3,833,269,102,677,119,11,42,1171,7,308,9655,2,6,0,611,163,1,43332,2,174,53,6,1,6,0,212,8218,7,73,3323,4638,1667,2,24,107,12,45,107,84,18,329,597,13,43,0,592,3896,1575,74,12,0,69,4,57,0,326,29410,23,1,14,8801,54,183,0,384,25,15,12,70,0,312,562,10,9520,2134,8837,607,1706,300,34345,10,927,9,77,103,277,32,296,27,0,28,32,0,32
2020-06-15,478,36,777,51,6,3,854,285,102,678,122,11,46,1209,7,312,9661,2,9,0,632,165,1,43959,2,176,53,6,1,7,0,276,8228,7,73,3362,4638,1726,2,27,112,12,46,107,84,18,330,598,13,43,0,605,3929,1672,74,12,0,69,4,60,0,326,29439,27,1,14,8807,54,184,0,399,26,15,12,76,0,322,563,10,9900,2198,8950,652,1706,302,34371,10,929,9,81,104,278,33,298,28,0,28,32,0,33
2020-06-16,491,37,788,52,6,3,878,293,102,681,126,11,47,1262,7,318,9663,2,9,0,659,168,1,45241,3,181,53,6,1,7,0,276,8271,14,74,3383,4638,1801,3,27,112,12,46,107,84,18,331,598,13,43,0,615,3970,1766,76,32,0,69,4,61,0,326,29550,29,1,14,8820,58,185,0,418,26,15,12,80,0,330,565,10,11903,2231,9065,712,1709,302,34405,10,934,9,88,105,279,33,303,30,0,28,32,0,33
2020-06-17,504,38,799,52,7,3,913,302,102,687,133,11,49,1305,7,324,9675,2,9,0,679,168,1,46510,3,184,53,6,1,7,0,276,8312,18,74,3615,4638,1864,3,27,115,12,48,107,84,18,333,598,13,43,0,633,4007,1850,79,32,0,69,4,63,0,326,29578,30,1,14,8851,66,187,0,432,26,15,12,82,0,336,567,10,12237,2276,9185,773,1710,303,34448,10,935,9,97,107,280,34,306,31,0,30,32,0,33
2020-06-18,546,39,811,52,8,3,948,309,102,688,139,11,55,1343,7,331,9683,2,11,0,697,168,1,47748,3,190,53,6,1,7,0,276,8361,19,74,3841,4638,1950,5,27,117,12,49,107,85,19,334,600,13,43,0,635,4087,1938,82,32,0,69,4,65,0,326,29606,32,1,14,8875,66,188,0,449,26,15,12,84,0,343,568,10,12573,2339,9272,856,1714,303,34514,10,935,9,100,117,280,34,308,31,0,30,32,0,33
2020-06-19,548,42,825,52,8,3,979,319,102,688,143,11,57,1388,7,337,9695,2,11,0,715,169,1,48954,3,193,53,6,1,8,0,282,8408,19,74,4093,4638,2045,5,27,122,12,49,107,85,19,335,600,13,45,0,647,4156,2017,86,32,0,69,4,72,0,326,29620,34,1,14,8887,70,189,0,483,27,17,12,87,0,349,568,10,12948,2373,9392,925,1714,304,34561,10,951,9,113,119,280,34,313,32,0,30,32,0,33
2020-06-20,569,43,837,52,9,3,992,332,102,688,148,11,60,1425,7,343,9696,2,11,0,740,169,1,49976,3,199,53,6,1,8,0,301,8466,19,74,4295,4639,2126,5,27,125,12,52,107,85,19,336,600,13,45,0,655,4156,2106,93,32,0,69,5,72,0,326,29636,34,2,14,8895,85,190,0,514,27,17,12,88,0,358,570,10,13254,2429,9507,1013,1715,305,34610,10,955,9,118,121,280,34,319,35,0,30,32,0,33
2020-06-21,581,44,845,52,9,3,1011,350,102,690,154,11,63,1464,7,346,9696,2,13,0,773,169,1,50591,3,199,53,6,1,8,0,303,8482,23,74,4479,4639,2237,5,27,130,12,54,107,85,19,336,600,13,45,0,662,4223,2193,98,32,0,69,5,74,0,326,29643,34,2,14,8895,85,190,0,531,27,17,12,88,0,363,570,10,13699,2465,9623,1100,1715,306,34634,10,955,9,120,123,280,35,326,40,0,30,32,0,34
2020-06-22,598,44,852,52,10,3,1043,360,102,690,161,11,65,1502,7,351,9696,2,13,0,820,171,1,51271,3,207,53,6,1,8,0,308,8494,30,74,4502,4639,2310,5,37,135,12,56,107,85,19,336,602,13,48,0,669,4223,2278,107,32,0,69,6,75,0,327,29666,39,2,14,8899,85,190,0,547,27,19,12,88,0,395,572,10,14011,2500,9742,1167,1717,307,34657,10,955,9,127,125,281,36,330,40,0,30,32,0,34
2020-06-23,618,45,861,52,10,3,1078,372,103,693,167,11,67,1545,7,357,9713,2,13,0,846,172,1,52645,3,208,53,6,1,8,0,313,8512,37,74,4505,4640,2404,7,37,135,12,58,107,85,19,339,603,13,49,0,675,4274,2365,113,32,0,69,7,75,0,327,29723,39,2,14,8914,95,190,0,582,28,19,12,89,0,405,573,10,14476,2535,9863,1251,1720,308,34675,10,965,9,134,128,281,37,334,42,0,30,32,0,34
2020-06-24,639,47,869,52,10,3,1116,386,104,693,174,11,69,1582,7,362,9722,2,13,0,876,173,1,53830,3,209,53,6,1,8,0,313,8544,38,74,4731,4640,2491,7,37,142,12,58,107,85,19,343,603,13,52,0,691,4274,2450,119,32,0,69,7,78,0,327,29734,39,2,14,8928,95,190,0,601,29,19,12,92,0,417,576,10,14894,2573,9996,1330,1726,308,34644,10,967,9,136,130,282,38,337,43,0,30,33,0,34
2020-06-25,675,49,878,52,10,3,1150,397,104,698,180,11,71,1621,7,367,9726,2,14,0,913,175,1,54971,3,211,53,6,1,8,0,313,8567,40,74,4903,4641,2654,7,37,142,12,60,107,85,19,345,603,13,52,0,698,4343,2533,126,32,0,69,8,81,0,327,29755,40,2,14,8940,95,191,0,623,29,19,12,96,0,426,577,10,15301,2620,10130,1437,1727,309,34678,10,971,9,140,132,282,40,339,43,0,30,33,0,34
2020-06-26,683,51,885,52,10,3,1184,410,104,698,187,11,73,1661,7,373,9731,2,14,0,934,178,1,55961,3,215,53,6,1,10,0,313,8571,40,74,5068,4641,2811,7,37,149,12,64,107,85,19,349,604,13,52,0,712,4406,2620,133,32,0,69,8,89,0,328,29781,40,2,14,8965,103,191,0,672,29,22,12,98,0,471,578,10,15685,2683,10239,1559,1730,314,34708,10,971,9,150,137,282,42,341,46,0,30,33,0,34
2020-06-27,703,53,892,52,10,3,1207,421,104,700,193,11,78,1695,7,377,9732,2,14,0,970,178,1,57070,3,216,53,6,1,12,0,313,8576,45,74,5347,4641,2939,7,37,153,14,66,107,86,19,349,604,13,52,0,718,4424,2708,143,32,0,69,8,94,0,328,29781,40,2,14,8968,103,191,0,706,30,22,12,100,0,479,578,10,16095,2720,10364,1660,1734,317,34716,10,971,9,166,141,282,44,344,46,0,30,33,0,34
2020-06-28,721,55,897,52,11,3,1232,426,104,702,198,11,83,1738,7,383,9732,2,16,0,1014,178,1,57622,3,219,53,6,1,12,0,313,8582,45,74,5509,4641,3178,7,37,157,15,66,107,86,19,348,604,13,52,0,726,4429,2789,152,32,0,69,11,98,0,328,29781,40,2,15,8968,112,191,0,727,31,22,12,100,0,479,581,10,16475,2754,10508,1756,1735,318,34738,10,972,9,178,143,282,48,348,50,0,30,34,0,34
2020-06-29,733,58,905,52,11,3,1280,433,104,703,206,11,84,1783,7,387,9732,2,19,0,1071,184,1,58314,3,223,53,6,1,12,0,313,8628,47,74,5575,4641,3274,7,37,167,15,66,107,86,19,348,605,13,53,0,733,4502,2872,164,32,0,69,11,103,0,328,29816,42,2,15,8976,112,191,0,746,31,24,12,105,0,485,585,10,16893,2805,10670,1839,1735,319,34744,10,972,9,188,144,282,49,350,57,0,30,34,0,36
2020-06-30,746,62,912,52,13,3,1307,443,104,705,213,11,87,1847,7,392,9747,2,21,0,1123,186,1,59594,3,230,53,6,1,15,0,313,8650,47,74,5688,4641,3334,7,37,170,16,68,107,86,19,349,605,13,54,0,747,4527,2953,174,32,0,69,11,103,0,328,29846,42,2,15,8990,112,192,0,773,33,24,12,105,0,497,585,10,17400,2876,10817,1943,1736,320,34767,10,972,9,188,148,282,49,354,61,0,30,34,0,36
2020-07-01,774,65,920,52,15,3,1351,453,104,705,220,11,92,1888,7,398,9754,2,21,0,1201,188,1,60632,3,232,53,6,1,15,0,313,8678,47,74,5753,4641,3470,7,41,175,17,68,108,86,19,349,606,13,55,0,754,4576,3034,182,32,0,69,11,103,0,328,29864,42,2,15,8995,117,192,0,817,33,24,13,107,0,542,586,10,17834,2934,10958,2050,1738,322,34788,10,976,9,188,149,282,51,358,66,0,30,34,0,37
2020-07-02,807,69,928,52,17,3,1385,459,104,705,228,11,94,1926,7,405,9761,2,21,0,1271,189,1,61884,3,232,53,6,1,15,0,313,8700,47,74,5920,4641,3641,7,41,176,18,68,110,86,19,353,606,13,55,0,765,4639,3120,191,51,0,69,11,103,0,328,29878,42,2,15,9006,117,192,0,843,33,24,14,110,0,591,587,10,18213,2987,11106,2160,1738,324,34818,10,977,9,188,152,282,54,359,76,0,30,35,0,37
2020-07-03,819,72,937,52,18,3,1437,469,104,705,235,11,95,1968,7,412,9765,2,21,0,1320,191,1,63174,3,239,53,6,1,15,0,313,8722,48,74,6051,4641,3777,7,44,179,18,70,112,86,19,353,606,13,55,0,775,4700,3201,202,51,0,69,13,103,0,329,29896,44,2,15,9010,117,192,0,880,33,25,14,110,0,605,588,10,18655,3036,11260,2262,1740,326,34833,10,977,10,188,154,283,55,360,76,0,30,35,0,37
2020-07-04,826,74,946,52,19,3,1481,477,104,705,241,11,96,1997,7,418,9771,2,21,0,1378,191,1,64265,3,241,53,6,1,16,0,313,8732,48,74,6192,4641,3942,7,44,182,18,72,113,86,19,351,606,13,55,0,786,4769,3280,210,51,0,69,13,103,0,329,29896,44,2,15,9020,117,192,0,920,34,25,14,113,0,629,589,10,19268,3089,11408,2368,1741,330,34854,10,977,10,188,159,283,58,365,78,0,30,35,0,37
2020-07-05,864,76,952,52,19,3,1507,484,106,706,250,11,97,2052,7,423,9771,2,21,0,1434,191,1,64867,3,246,53,6,1,17,0,313,8739,48,74,6308,4641,4064,7,44,182,19,74,113,86,19,348,606,13,55,0,794,4781,3343,217,51,0,69,13,103,0,329,29896,44,2,15,9023,122,192,0,947,34,25,15,113,0,639,589,10,19693,3171,11571,2473,1741,331,34861,10,977,10,188,160,284,66,368,88,0,30,36,0,37
2020-07-06,898,79,959,52,19,3,1582,491,106,706,258,11,98,2096,7,429,9774,2,21,0,1476,199,1,65487,3,250,53,6,1,17,0,313,8748,52,74,6384,4641,4210,7,44,182,23,75,113,86,19,350,607,13,55,0,804,4821,3422,223,51,0,69,13,103,0,329,29923,46,3,15,9022,129,192,0,981,34,25,15,113,0,656,589,10,20159,3241,11731,2567,1741,334,34869,10,978,10,264,164,285,75,373,99,0,30,36,0,39
2020-07-07,920,81,968,52,21,3,1644,503,106,706,265,11,98,2151,7,436,9774,2,21,0,1530,207,1,66741,3,254,53,6,1,18,0,359,8765,52,74,6434,4641,4359,7,44,182,23,76,113,86,19,351,609,13,55,0,821,4873,3489,229,51,0,69,14,103,0,329,29936,46,3,15,9032,129,193,0,1004,34,25,16,117,0,677,589,10,20642,3309,11931,2685,1742,342,34899,10,981,10,264,167,285,79,377,107,0,30,36,0,41
2020-07-08,936,83,978,52,21,3,1694,521,106,706,274,11,98,2197,7,443,9776,2,21,0,1577,209,1,67964,3,259,53,6,1,18,0,359,8786,52,74,6573,4641,4527,7,47,182,25,78,114,86,19,351,609,13,55,0,829,4873,3564,235,51,0,69,14,120,0,329,29936,46,3,15,9046,129,193,0,1053,34,25,16,123,0,694,589,10,21129,3359,12084,2779,1738,344,34914,10,982,10,264,169,287,82,379,116,0,30,36,0,41
2020-07-09,957,83,988,52,22,3,1720,535,106,706,284,11,103,2238,7,449,9778,2,23,0,1638,214,1,69184,3,262,53,6,1,18,0,359,8797,52,74,6682,4641,4714,7,47,189,25,79,115,86,19,352,609,13,56,0,842,4900,3617,243,51,0,69,17,120,0,329,29982,46,3,15,9057,129,193,0,1092,36,25,16,123,0,704,591,10,21604,3417,12305,2882,1743,348,34926,10,982,10,264,173,288,86,382,122,0,30,36,1,42
2020-07-10,971,85,996,52,23,3,1774,546,107,706,292,11,104,2275,7,454,9781,2,23,0,1702,216,1,70398,3,267,53,6,1,19,0,359,8811,53,74,6781,4641,4925,7,47,189,26,81,117,86,19,352,609,13,56,0,864,4939,3702,249,51,0,69,18,124,0,329,30007,46,3,15,9063,135,193,0,1139,37,26,16,135,0,750,593,10,22123,3469,12447,2960,1744,351,34938,10,982,10,264,181,288,94,383,125,0,30,36,1,47
2020-07-11,994,89,1004,52,23,3,1810,559,108,706,298,11,104,2305,7,459,9782,2,26,0,1754,219,1,71469,3,267,53,6,1,19,0,359,8818,53,74,6881,4641,5119,7,47,189,28,82,118,87,19,352,609,13,56,0,880,5031,3769,254,51,0,69,18,124,0,329,30007,46,3,15,9070,135,193,0,1172,37,26,17,139,0,771,595,10,22673,3535,12635,3055,1746,354,34945,10,982,10,264,184,289,97,386,129,0,30,36,1,47
2020-07-12,1010,93,1011,52,26,3,1845,565,108,708,306,11,108,2352,7,464,9782,2,26,0,1807,221,1,72100,3,268,53,6,1,19,0,359,8829,53,75,6979,4641,5307,7,47,189,30,84,119,87,19,352,609,13,56,0,897,5047,3858,260,51,0,69,20,127,0,329,30007,46,3,15,9071,139,193,0,1219,37,26,17,139,0,774,595,10,23174,3606,12829,3150,1746,362,34954,10,983,10,375,185,289,101,390,147,0,30,36,2,51
2020-07-13,1012,95,1018,52,26,3,1903,573,108,708,313,11,109,2391,7,468,9782,2,26,0,1866,226,1,72833,3,276,53,6,1,19,0,359,8836,53,75,7024,4641,5455,7,47,190,34,84,119,87,19,353,610,13,56,0,903,5063,3935,267,51,0,69,20,128,0,329,30032,46,3,15,9074,139,193,0,1244,37,26,17,141,0,789,595,10,23727,3656,13032,3250,1746,365,34967,10,984,10,375,197,289,102,393,149,0,31,36,3,51
2020-07-14,1048,97,1028,52,26,3,1968,581,111,709,319,11,111,2424,7,474,9787,2,26,0,1898,226,1,74133,3,283,53,6,1,19,0,359,8845,53,75,7069,4642,5625,7,47,190,37,87,120,87,19,355,610,13,56,0,910,5130,4008,278,51,0,69,20,139,0,329,30032,46,3,15,9078,139,193,0,1302,38,26,17,141,0,807,595,10,24309,3710,13211,3345,1746,371,34984,10,984,10,375,202,289,108,396,149,0,31,37,3,51
2020-07-15,1094,101,1040,52,27,3,2050,592,113,710,326,11,117,2457,7,480,9788,2,26,0,1942,235,1,75366,3,289,53,6,1,19,0,359,8857,53,75,7186,4644,5814,7,47,192,40,87,120,87,19,355,610,13,56,0,929,5158,4067,286,51,0,69,20,146,0,328,30123,46,3,15,9080,139,193,0,1350,38,26,18,143,0,825,595,10,24914,3797,13410,3432,1748,376,34997,10,984,10,375,209,291,112,399,165,0,31,38,3,51
2020-07-16,1113,104,1052,52,28,3,2112,607,116,711,334,11,121,2496,7,485,9795,2,28,0,1984,240,1,76688,3,293,53,6,1,19,0,373,8875,53,75,7290,4644,6029,7,48,193,42,87,120,87,19,355,610,13,56,0,941,5207,4120,298,51,0,69,21,148,0,328,30141,46,3,15,9087,139,193,0,1404,39,26,19,145,0,835,595,10,25602,3873,13608,3522,1749,384,35017,10,985,10,375,217,293,118,402,167,0,31,40,3,68
2020-07-17,1147,107,1057,52,29,3,2178,620,118,711,341,11,124,2547,7,491,9800,2,31,0,2049,245,1,77851,3,297,53,6,1,19,0,373,8884,53,75,8347,4645,6288,7,49,193,47,87,120,87,19,358,611,13,56,0,942,5250,4188,309,51,0,69,21,150,0,328,30155,46,3,15,9088,144,194,0,1443,39,26,19,146,0,857,595,10,26273,3957,13791,3616,1752,392,35028,10,985,10,375,222,294,124,404,173,0,31,40,6,69
2020-07-18,1164,111,1068,52,29,3,2220,631,122,711,349,11,124,2581,7,495,9800,2,31,0,2106,246,1,78772,3,299,53,6,1,21,0,373,8892,55,75,8445,4646,6516,7,49,193,54,91,120,87,19,358,611,13,56,0,971,5282,4251,324,51,0,69,21,163,0,328,30155,46,4,15,9091,145,194,0,1449,39,26,19,146,0,891,596,10,26816,4016,13979,3691,1753,401,35042,10,986,11,375,225,295,130,407,900,0,31,40,6,70
2020-07-19,1181,112,1078,52,29,3,2260,641,123,711,354,11,126,2618,7,499,9800,2,31,0,2151,249,1,79488,3,300,53,6,1,21,0,373,8896,55,75,8503,4646,6736,7,49,194,62,92,120,87,19,359,611,13,56,0,981,5313,4302,335,51,0,69,21,167,0,328,30155,46,4,15,9092,148,194,0,1485,39,26,19,146,0,900,596,10,27497,4143,14188,3781,1753,409,35045,10,986,11,375,234,296,135,408,1037,0,31,40,6,70
2020-07-20,1185,113,1087,52,29,3,2373,650,126,711,363,11,128,2668,7,503,9805,2,31,0,2218,255,1,80120,3,308,53,6,1,21,0,373,8902,55,75,8633,4646,6929,7,50,194,66,92,122,87,19,359,611,13,56,0,993,5318,4352,344,51,0,69,23,170,0,328,30180,46,4,16,9094,153,195,0,1502,40,26,19,146,0,935,596,10,28082,4239,14405,3869,1753,415,35058,10,988,11,585,238,296,139,408,1037,0,31,41,6,70
2020-07-21,1186,117,1100,52,30,3,2490,662,128,710,376,11,129,2709,7,507,9805,2,31,0,2273,264,1,81487,3,313,53,6,1,21,0,382,8908,55,75,8677,4648,7166,7,50,196,68,93,123,87,19,360,611,13,56,0,999,5366,4399,352,51,0,69,24,180,0,328,30168,46,4,16,9099,153,197,0,1531,41,26,19,151,0,988,596,10,28732,4320,14634,3950,1753,425,35073,10,988,11,585,250,297,144,412,1079,0,31,41,6,70
2020-07-22,1190,120,1111,52,33,3,2588,678,133,711,385,11,130,2751,7,513,9808,2,34,0,2328,268,1,82771,3,321,53,6,1,21,0,382,8913,57,75,8722,4648,7373,7,50,197,71,93,125,87,19,364,611,13,58,0,1005,5418,4440,363,51,0,69,25,188,0,328,30175,47,5,16,9102,153,200,0,1573,41,26,19,154,0,1006,596,10,29861,4459,14853,4042,1754,430,35082,10,990,11,585,260,297,150,417,1111,0,31,43,6,70
2020-07-23,1211,123,1124,52,33,3,2702,688,139,711,391,11,134,2801,7,519,9812,2,34,0,2407,274,1,84082,3,329,53,6,1,21,0,382,8919,58,75,8838,4649,7688,7,50,201,80,93,128,87,19,365,612,13,58,0,1006,5439,4480,372,51,0,69,28,197,0,328,30185,47,5,16,9110,153,201,0,1632,42,26,19,154,0,1011,596,10,30601,4576,15074,4122,1763,442,35092,10,992,11,585,263,298,158,421,1211,0,31,43,6,71
2020-07-24,1225,128,1136,52,35,3,2807,692,145,711,400,11,136,2836,7,524,9817,2,34,0,2473,280,1,85238,3,337,53,6,1,22,0,385,8923,59,75,8914,4650,7975,7,51,201,87,94,128,87,19,369,613,13,58,0,1036,5468,4518,379,51,0,69,28,200,0,329,30195,49,6,16,9120,161,201,0,1669,42,26,20,156,0,1061,596,10,31358,4665,15289,4212,1763,448,35097,10,994,11,585,274,298,164,425,1211,0,31,46,6,71
2020-07-25,1248,134,1146,52,39,3,2893,700,155,712,408,11,137,2874,7,530,9821,2,34,0,2535,280,1,86449,3,338,53,6,1,22,0,385,8929,59,75,9020,4652,8269,7,51,204,98,94,133,87,19,369,613,13,58,0,1055,5507,4558,390,51,0,69,28,209,0,329,30195,49,6,16,9124,161,201,0,1699,42,26,20,157,0,1098,596,10,32060,4714,15484,4284,1764,457,35102,10,996,11,585,278,298,169,429,1249,0,31,47,9,71
2020-07-26,1259,138,1155,52,40,3,2939,705,161,712,417,11,140,2928,7,534,9821,2,35,0,2583,280,1,87004,3,340,53,6,1,22,0,385,8934,59,75,9112,4652,8525,7,51,204,104,96,136,87,19,371,613,13,58,0,1063,5515,4606,400,51,0,69,32,223,0,329,30195,49,6,16,9124,168,202,0,1734,43,26,20,157,0,1116,596,10,32771,4781,15700,4362,1764,470,35107,10,998,11,585,280,299,177,433,1277,0,31,51,12,72
2020-07-27,1269,144,1163,52,41,3,3059,711,167,713,423,11,141,2965,7,538,9822,2,35,0,2647,294,2,87618,3,347,53,6,1,22,0,391,8945,59,75,9187,4656,8777,7,54,208,115,96,139,87,19,373,613,13,58,0,1083,5532,4652,408,51,0,69,34,228,0,329,30212,49,8,16,9125,168,202,0,1761,45,26,20,158,0,1166,596,10,33408,4838,15912,4458,1764,474,35112,10,998,11,585,285,300,185,438,1301,0,31,51,12,72
2020-07-28,1270,148,1174,52,47,3,3179,719,176,713,430,11,141,3000,7,543,9833,2,35,0,2720,297,2,88539,3,355,53,6,1,22,0,391,8957,59,75,9240,4657,9074,7,54,208,125,98,140,87,19,374,613,13,58,0,1101,5584,4691,417,51,0,69,39,239,0,329,30226,49,8,16,9131,168,203,0,1782,46,26,20,158,0,1214,596,10,34193,4901,16147,4535,1764,486,35123,10,1001,11,793,299,300,192,442,1329,0,31,54,12,72
2020-07-29,1271,150,1186,52,48,3,3288,723,189,716,438,11,144,3035,7,548,9836,2,36,0,2808,316,2,90134,3,368,53,6,1,23,0,391,8962,59,75,9278,4658,9454,7,54,210,133,99,141,87,19,374,614,13,58,0,1123,5623,4728,430,51,0,69,40,253,0,329,30226,49,8,17,9135,175,203,0,1835,46,26,20,159,0,1259,596,10,34955,4975,16343,4603,1764,491,35129,10,1001,11,793,311,300,196,444,1347,0,31,55,13,72
2020-07-30,1271,154,1200,52,51,3,3441,728,196,718,441,14,146,3083,7,553,9840,2,36,0,2894,328,2,91263,3,374,53,6,1,23,0,391,8974,59,75,9377,4659,9810,7,54,215,140,100,144,87,19,379,615,13,58,0,1146,5657,4774,439,51,0,69,40,263,0,329,30241,49,8,17,9144,175,203,0,1867,46,26,20,161,0,1312,596,10,35718,5058,16569,4671,1763,500,35132,10,1007,11,793,325,301,212,445,1364,0,31,57,13,73
2020-07-31,1272,157,1210,52,52,3,3543,738,201,718,448,14,147,3111,7,559,9841,2,36,0,2977,339,2,92475,3,383,53,6,1,23,0,391,8980,59,75,9457,4661,10105,7,54,215,150,102,145,87,19,382,615,13,58,0,1160,5702,4805,448,83,0,69,41,274,1,329,30268,49,9,17,9147,182,206,0,1924,46,26,20,161,0,1337,596,10,36511,5131,16766,4741,1763,512,35141,10,1008,11,793,341,301,212,447,1378,0,32,61,13,75
2020-08-01,1283,161,1223,52,54,3,3596,749,208,718,454,14,147,3132,7,563,9845,2,36,0,3064,339,2,93563,3,385,53,6,1,24,0,391,8986,59,75,9533,4667,10330,7,54,215,154,102,145,87,19,383,615,13,58,0,1170,5736,4834,459,83,0,69,43,284,1,329,30268,50,9,17,9154,182,206,0,1959,46,27,20,165,0,1368,597,10,37364,5193,16982,4805,1763,526,35146,10,1012,11,793,364,301,212,453,1397,0,32,61,14,75
2020-08-02,1284,166,1231,52,55,3,3648,754,221,718,462,14,147,3154,7,567,9845,2,36,0,3153,352,2,94104,3,388,53,6,1,24,0,391,8990,59,75,9608,4669,10650,7,54,215,162,102,149,87,19,384,615,13,59,0,1178,5736,4865,467,83,0,63,43,310,1,329,30268,50,9,17,9154,182,208,0,1995,46,27,21,165,0,1377,597,10,38135,5236,17190,4868,1763,536,35154,12,1013,11,793,369,301,249,457,1409,0,32,62,19,77
2020-08-03,1288,172,1239,52,58,3,3813,762,232,718,468,14,150,3184,7,571,9850,2,36,0,3228,362,2,94665,3,404,53,6,1,25,0,391,8995,59,75,9707,4672,11017,7,58,215,171,102,153,87,19,386,616,13,59,0,1183,5767,4888,477,83,0,63,45,336,1,329,30268,51,9,17,9154,191,209,0,2013,46,27,21,166,0,1384,597,10,38938,5302,17405,4934,1763,546,35166,12,1018,11,793,382,301,256,461,1420,0,32,65,19,78
2020-08-04,1288,176,1248,52,59,3,3979,768,247,719,473,14,151,3234,7,574,9852,2,38,0,3320,373,2,95819,3,415,54,6,1,26,0,391,9005,59,75,9745,4676,11315,7,58,215,181,103,154,88,19,383,616,13,59,0,1213,5808,4912,486,83,0,63,49,343,1,331,30297,51,14,17,9163,191,209,0,2037,48,27,22,166,0,1400,598,10,39795,5388,17617,5017,1763,561,35171,12,1023,11,1058,388,302,296,465,1427,0,32,65,21,78
2020-08-05,1294,182,1261,52,62,3,4106,770,255,719,476,14,154,3267,7,577,9859,2,38,0,3385,379,2,97256,3,424,54,6,1,27,0,391,9010,59,75,9792,4677,11624,7,58,215,191,103,154,88,19,388,616,13,59,0,1222,5847,4930,498,83,0,63,53,356,1,331,30297,51,16,17,9179,199,210,0,2072,49,27,22,171,0,1423,599,10,40699,5452,17802,5094,1763,565,35181,12,1028,11,1058,391,302,296,468,1438,0,32,68,21,78
2020-08-06,1298,188,1273,52,64,3,4251,772,266,719,479,14,156,3306,7,580,9861,2,38,0,3465,384,2,98493,3,435,54,6,1,27,0,391,9013,59,76,9889,4680,11939,7,58,215,200,103,155,88,19,390,617,13,59,0,1246,5877,4951,513,83,0,63,55,365,1,331,30308,51,16,17,9181,199,210,0,2119,49,27,22,171,0,1446,600,10,41585,5521,17976,5161,1768,576,35187,12,1034,11,1058,399,303,300,469,1447,0,32,70,23,78
2020-08-07,1307,189,1282,52,67,3,4411,777,278,720,483,14,159,3333,7,583,9866,2,38,0,3524,394,2,99572,3,442,54,6,1,29,0,391,9017,59,76,9958,4681,12250,7,58,218,218,104,155,88,19,389,617,13,59,0,1259,5897,4971,520,83,0,63,56,380,1,331,30327,51,19,17,9195,206,210,0,2168,50,27,22,177,0,1465,602,10,42518,5593,18132,5236,1772,581,35190,13,1042,11,1058,413,304,303,471,1451,0,32,70,23,78
2020-08-08,1312,193,1293,52,70,3,4523,785,295,721,488,14,161,3365,7,585,9870,2,38,0,3587,394,2,100477,3,445,54,6,1,32,0,395,9024,59,76,10011,4681,12540,7,58,218,228,104,157,88,19,389,617,13,59,0,1289,5916,4992,536,83,0,63,56,390,1,331,30327,51,19,17,9201,206,211,0,2197,50,29,22,182,0,1476,602,10,43379,5658,18264,5310,1772,593,35203,13,1042,11,1058,418,305,303,474,1459,0,32,78,23,79
2020-08-09,1312,199,1302,52,75,3,4606,791,313,721,490,15,162,3399,7,587,9872,2,38,0,3640,394,2,101049,3,447,54,6,1,32,0,395,9028,60,76,10077,4686,12842,7,58,224,235,105,157,88,19,390,617,13,59,0,1309,5922,5009,549,83,0,63,58,407,1,331,30327,51,23,17,9202,215,212,0,2211,50,29,22,183,0,1495,602,10,44386,5723,18427,5392,1772,600,35205,14,1047,11,1058,420,305,303,478,1468,0,32,78,23,79
2020-08-10,1328,200,1312,52,78,3,4764,796,331,723,492,15,163,3438,7,589,9879,2,38,0,3712,425,2,101752,3,459,54,6,1,32,0,395,9034,60,76,10139,4689,13154,7,58,224,244,105,158,88,19,390,620,13,59,0,1328,5932,5035,563,83,0,63,61,420,1,333,30327,51,23,17,9203,215,213,0,2222,50,29,22,183,0,1506,605,10,45257,5765,18616,5464,1772,613,35209,14,1052,11,1058,423,305,341,482,1474,0,32,80,24,79
2020-08-11,1344,205,1322,52,80,3,5004,803,352,723,495,15,165,3471,7,592,9885,2,38,0,3761,447,2,103026,3,471,54,6,1,33,0,398,9038,61,76,10178,4693,13475,7,60,225,255,105,160,88,20,391,621,13,59,0,1346,5951,5059,570,83,0,63,63,440,1,333,30328,51,32,17,9208,215,214,0,2233,50,29,22,183,0,1515,605,10,46091,5824,18800,5531,1773,622,35215,14,1058,11,1269,438,305,341,486,1478,0,32,87,24,81
2020-08-12,1354,208,1333,53,80,3,5213,806,361,724,497,15,166,3513,7,595,9900,2,38,0,3827,453,2,104201,3,482,54,6,1,33,0,401,9052,61,76,10205,4697,13837,7,60,225,263,105,160,88,20,391,621,13,59,0,1371,5984,5085,577,83,0,63,63,463,1,333,30375,51,33,17,9213,223,216,0,2267,50,29,22,187,0,1533,605,10,47033,5903,18988,5588,1774,639,35225,14,1066,11,1269,456,305,341,489,1484,0,32,89,24,82
2020-08-13,1363,213,1341,53,80,3,5362,809,375,725,500,15,167,3557,7,599,9916,2,38,0,3884,458,3,105463,3,482,54,6,1,33,0,401,9063,61,76,10299,4700,14145,7,60,234,272,107,161,89,20,391,621,13,59,0,1393,6010,5107,584,83,0,63,65,479,1,333,30392,51,43,17,9217,223,221,0,2296,50,29,22,192,0,1542,607,10,48040,5968,19162,5641,1774,651,35231,14,1073,11,1269,460,305,365,489,1487,0,32,92,25,82
2020-08-14,1363,219,1351,53,86,3,5527,814,379,725,504,17,168,3591,7,603,9924,3,38,0,3939,469,3,106523,3,492,54,6,1,33,0,401,9068,61,76,10340,4701,14492,7,60,238,281,108,163,88,20,394,621,13,59,0,1409,6030,5124,595,83,0,63,68,492,1,333,30410,51,50,17,9230,223,223,0,2341,50,29,22,192,0,1548,607,10,49036,6021,19331,5709,1774,665,35234,14,1080,11,1269,465,305,381,494,1491,0,32,94,25,82
2020-08-15,1370,225,1360,53,86,3,5637,817,396,728,506,17,170,3625,7,603,9935,3,39,0,4003,471,3,107232,3,495,54,6,1,34,0,401,9072,61,76,10395,4703,14810,7,60,239,291,108,165,88,20,395,621,13,59,0,1438,6065,5141,603,83,0,63,69,509,1,333,30410,51,54,17,9235,231,226,0,2355,50,33,22,196,0,1567,607,10,49980,6071,19492,5785,1774,674,35392,14,1093,11,1269,472,305,390,498,1493,0,32,97,25,82
2020-08-16,1375,228,1370,53,88,3,5703,818,421,728,506,18,170,3657,7,610,9939,3,39,0,4058,471,3,107852,3,498,55,6,1,35,0,401,9074,61,76,10452,4703,15097,7,76,240,294,110,166,88,20,397,621,13,59,0,1453,6070,5160,612,83,0,63,70,528,1,333,30410,51,63,17,9235,231,228,0,2379,51,33,23,196,0,1575,608,10,50921,6150,19639,5860,1774,685,35396,14,1103,11,1269,474,305,390,501,1495,0,32,103,25,82
2020-08-17,1375,230,1379,53,88,3,5814,824,438,729,508,19,173,3694,7,613,9944,4,39,0,4123,486,3,108536,3,512,55,6,1,36,0,403,9075,61,76,10513,4703,15372,7,76,243,304,110,166,88,20,399,621,13,59,0,1481,6083,5173,618,83,0,63,73,544,1,334,30434,53,63,17,9236,239,230,0,2389,51,33,23,196,0,1583,608,10,51797,6207,19804,5954,1774,692,35400,14,1112,11,1269,482,306,390,502,1496,0,32,105,30,82
2020-08-18,1375,232,1391,53,90,3,6048,832,450,729,509,20,175,3740,7,617,9959,4,39,0,4172,495,3,109888,3,519,55,6,1,36,0,406,9090,61,76,10546,4705,15619,7,76,243,314,110,166,88,20,401,621,13,59,0,1489,6105,5184,625,83,0,63,76,572,1,334,30434,53,63,17,9241,248,232,0,2419,52,33,25,196,0,1593,609,10,52888,6277,19972,6036,1775,708,35405,14,1135,11,1415,487,306,390,505,1498,0,33,107,30,82
2020-08-19,1375,234,1402,53,92,3,6330,833,463,729,510,22,178,3781,7,622,9969,4,39,0,4233,507,3,111100,3,527,55,6,1,36,0,406,9095,61,76,10578,4706,15979,7,77,246,321,111,168,88,20,404,621,13,59,0,1501,6146,5197,633,83,0,63,79,600,1,334,30434,53,77,17,9249,256,235,0,2467,53,33,27,196,0,1608,609,10,53866,6346,20125,6121,1775,781,35412,14,1148,11,1415,506,307,390,507,1498,0,33,109,30,82
2020-08-20,1385,238,1411,53,93,3,6517,836,472,729,510,23,179,3822,7,627,9976,5,39,0,4305,515,3,112304,3,532,55,6,1,37,0,408,9097,61,76,10671,4709,16183,7,77,247,333,112,168,88,20,406,621,13,59,0,1505,6200,5212,640,83,0,63,81,620,1,334,30434,53,81,17,9263,261,235,0,2506,53,33,29,196,0,1619,609,10,54849,6418,20264,6208,1776,795,35418,15,1157,11,1415,516,309,390,509,1498,0,33,113,30,82
2020-08-21,1385,240,1418,53,94,3,6730,842,485,730,512,27,181,3861,7,632,9985,5,39,0,4366,526,3,113358,3,539,55,6,1,37,0,408,9110,61,76,10723,4709,16568,7,77,248,340,112,169,89,20,411,621,13,60,0,1533,6248,5231,646,83,0,63,81,637,1,334,30508,53,84,17,9266,261,238,0,2532,53,33,30,196,0,1632,611,10,55794,6500,20376,6283,1776,809,35427,16,1175,11,1415,532,309,448,511,1055,0,33,116,30,82
2020-08-22,1385,245,1424,53,94,3,6848,850,502,732,515,27,183,3907,7,637,9988,6,39,0,4442,532,3,114250,3,539,55,6,1,37,0,408,9117,61,76,10792,4711,16968,7,77,251,348,113,170,89,20,411,622,13,60,0,1554,6277,5243,654,83,0,63,83,662,1,334,30517,53,84,17,9272,261,240,0,2580,53,33,31,196,0,1643,611,10,56706,6594,20502,6353,1777,819,35430,16,1179,11,1415,542,309,448,513,1055,0,33,121,30,82
2020-08-23,1387,250,1435,53,96,3,6985,852,517,732,518,29,184,3941,7,642,9992,6,39,0,4509,532,3,114744,3,545,55,6,1,37,0,408,9119,61,76,10852,4711,17316,7,77,251,355,113,171,91,20,412,622,13,60,0,1567,6310,5262,661,83,0,63,85,678,1,334,30518,53,87,17,9275,261,242,0,2594,53,33,31,196,0,1654,613,10,57542,6680,20643,6428,1777,834,35437,16,1188,12,1415,548,309,467,515,1056,0,33,123,30,82
2020-08-24,1389,254,1446,53,100,3,7366,854,525,733,519,44,185,3983,7,646,9996,10,39,0,4578,547,3,115309,3,563,55,6,1,37,0,408,9129,61,76,10916,4711,17612,7,78,251,362,114,173,91,20,415,623,13,60,0,1573,6322,5280,669,83,0,64,85,692,1,335,30533,53,87,18,9276,263,242,0,2611,55,33,31,196,0,1683,613,10,58390,6759,20776,6519,1777,847,35441,16,1201,14,1415,554,310,467,518,1057,0,33,126,30,82
2020-08-25,1397,259,1456,53,102,3,7563,858,549,733,521,46,186,4028,7,652,9996,10,39,0,4664,560,3,116580,3,572,55,6,1,37,0,410,9136,61,77,10958,4712,17889,7,78,251,376,114,175,91,20,416,623,13,60,0,1585,6368,5298,678,83,0,64,86,709,1,335,30549,53,90,19,9281,270,243,0,2630,57,33,31,196,0,1703,614,10,59357,6858,20901,6596,1777,859,35445,19,1219,14,1523,559,312,488,519,1057,0,33,138,30,82
2020-08-26,1401,263,1465,53,103,3,7839,861,572,733,522,48,186,4082,7,657,9879,11,40,0,4726,571,3,117665,3,586,55,6,1,38,0,410,9141,61,77,10990,4713,18184,7,78,254,386,114,175,92,20,418,623,13,60,0,1613,6410,5317,687,83,0,64,88,725,1,335,30549,53,93,19,9285,270,248,0,2662,57,34,31,197,0,1747,614,10,60472,6944,21020,6668,1777,875,35458,19,1230,15,1523,564,313,488,521,1057,0,33,139,31,82
2020-08-27,1401,266,1475,53,105,3,8050,864,583,733,524,48,188,4127,7,662,9884,12,40,0,4791,582,3,118649,3,594,55,6,1,38,0,411,9148,61,77,11072,4715,18467,7,78,255,397,115,177,92,20,418,624,13,60,0,1630,6471,5342,694,83,0,64,89,745,2,335,30581,53,93,19,9290,270,254,0,2685,58,34,32,200,0,1803,614,10,61529,7064,21137,6740,1777,884,35463,19,1241,15,1523,567,316,488,522,1057,0,34,146,31,82
2020-08-28,1402,271,1483,53,106,3,8271,869,600,733,527,50,189,4174,7,667,9886,12,40,0,4846,591,3,119504,3,603,55,6,1,38,0,411,9155,61,77,11132,4718,18766,7,78,255,407,115,180,92,20,419,624,13,60,0,1648,6504,5362,702,83,0,64,91,758,2,335,30601,53,96,19,9290,270,259,0,2709,59,34,35,201,0,1827,614,10,62550,7169,21249,6814,1777,894,35472,19,1251,15,1523,567,321,488,525,1057,0,34,148,31,82
2020-08-29,1402,275,1491,53,107,3,8353,872,611,733,529,50,189,4206,7,671,9891,13,40,0,4938,594,3,120262,3,605,55,6,1,39,0,411,9161,61,77,11181,4721,19063,7,78,258,418,115,183,94,20,421,624,13,60,0,1673,6537,5376,708,83,0,64,91,770,2,335,30601,53,96,19,9299,270,260,0,2728,59,34,35,201,0,1842,614,10,63498,7261,21359,6891,1777,906,35473,20,1271,15,1523,572,323,488,528,1057,0,34,155,31,82
2020-08-30,1402,280,1501,53,107,3,8457,877,652,733,531,50,189,4248,7,676,9894,13,40,0,4966,598,6,120828,3,613,55,6,1,40,0,411,9164,61,77,11244,4722,19363,7,78,258,418,115,184,94,20,423,624,13,60,0,1681,6555,5399,713,83,0,64,91,793,2,335,30611,53,96,19,9300,276,262,0,2740,59,34,36,201,0,1858,614,10,64469,7343,21462,6959,1777,919,35477,21,1285,15,1523,574,324,488,530,1058,0,34,160,31,82
2020-08-31,1402,284,1510,53,108,3,8660,879,657,733,534,50,190,4281,7,681,9895,13,40,0,5027,609,6,121381,3,629,55,6,1,40,0,411,9173,62,77,11289,4723,19662,7,78,258,436,117,186,94,20,424,624,13,60,0,1710,6556,5421,717,83,0,64,91,809,2,336,30640,53,96,19,9303,276,266,0,2760,59,34,39,201,0,1873,615,10,65288,7417,21571,7042,1777,939,35483,21,1298,15,1523,577,324,488,531,1058,0,34,167,31,82
2020-09-01,1406,290,1518,53,109,3,8919,881,663,734,536,50,190,4316,7,686,9897,13,40,0,5101,620,6,122596,3,642,55,6,1,40,0,414,9179,62,77,11321,4724,20050,7,78,259,443,117,187,95,21,425,625,13,60,0,1738,6571,5440,724,83,0,64,94,828,2,336,30666,53,96,19,9307,276,271,0,2778,59,34,41,203,0,1888,616,10,66333,7505,21672,7123,1777,957,35491,21,1313,15,1588,577,326,488,534,1059,0,34,171,31,82
2020-09-02,1409,296,1523,53,112,3,9118,884,678,734,538,50,190,4351,7,691,9898,13,40,0,5203,627,6,123780,3,648,55,6,1,41,0,415,9182,62,77,11344,4727,20345,7,102,259,453,117,191,98,21,425,626,13,60,0,1765,6619,5461,731,83,0,64,94,846,2,336,30692,53,97,19,9322,276,273,0,2790,59,34,41,206,0,1924,619,10,67376,7616,21797,7201,1777,969,35497,24,1327,15,1588,581,329,488,535,1059,0,34,177,31,82
2020-09-03,1409,301,1529,53,113,3,9361,887,737,735,541,50,190,4383,7,696,9899,13,40,0,5288,636,6,124614,3,658,55,6,1,41,0,415,9189,62,77,11422,4728,20618,7,102,259,460,119,194,100,21,426,626,13,60,0,1801,6648,5479,739,83,0,64,94,856,2,336,30712,53,99,19,9322,280,278,0,2804,61,34,44,210,0,1954,620,10,68472,7750,21926,7275,1777,985,35507,29,1334,15,1588,585,331,488,536,1059,0,34,179,31,82
2020-09-04,1409,306,1539,53,115,3,9623,891,748,735,543,50,195,4412,7,701,9901,15,40,0,5343,639,8,125502,3,665,55,7,1,41,0,415,9190,62,77,11494,4728,20888,7,102,259,469,119,195,100,21,429,627,13,60,0,1801,6674,5495,744,83,0,64,94,880,2,336,30730,53,99,19,9327,283,279,0,2825,61,38,44,212,0,1984,621,10,69561,7832,22044,7359,1777,993,35518,30,1352,16,1588,589,333,488,537,1060,0,35,183,31,82
2020-09-05,1409,312,1549,53,117,3,9739,895,753,735,545,55,196,4447,7,705,9906,15,40,0,5398,651,8,126203,3,671,55,8,1,42,0,415,9192,62,77,11551,4728,21156,7,102,259,478,119,197,100,21,431,627,13,60,0,1840,6724,5511,752,83,0,64,94,897,2,336,30730,53,99,19,9329,283,280,0,2845,61,38,46,212,0,2006,624,10,70626,7940,22154,7422,1777,1007,35534,32,1361,16,1588,594,334,488,540,1060,0,35,187,31,82
2020-09-06,1412,316,1556,53,117,3,9859,897,762,736,548,56,199,4479,7,711,9907,15,40,0,5398,655,8,126650,3,676,55,8,1,42,0,415,9194,62,79,11592,4730,21412,7,102,260,478,119,198,101,21,436,627,13,61,0,1845,6724,5530,759,83,0,64,94,918,2,336,30730,53,99,19,9330,283,284,0,2852,61,38,46,214,0,2007,624,10,71642,8025,22293,7512,1777,1019,35541,33,1366,16,1588,597,336,488,544,1060,0,35,191,31,82
2020-09-07,1415,319,1562,53,120,3,10129,900,770,746,551,58,200,4516,7,716,9909,16,40,0,7054,664,9,126960,3,677,56,8,1,42,0,415,9196,62,79,11652,4732,21615,7,102,260,510,119,201,102,22,437,628,13,61,0,1864,10576,5541,764,83,0,64,94,933,2,336,30732,53,99,19,9331,283,289,0,2862,62,38,47,214,0,2023,625,10,72775,8130,22410,7589,1777,1026,35553,34,1377,17,1588,599,341,488,546,1060,0,35,200,31,82
2020-09-08,1418,321,1571,53,124,3,10405,903,781,747,552,59,202,4552,7,721,9912,16,40,0,7097,669,9,127464,3,692,56,12,1,42,0,415,9203,62,79,11682,4733,21611,7,114,260,531,119,203,104,22,441,628,13,61,0,1889,10627,5560,765,83,0,64,96,949,2,336,30770,53,99,19,9336,283,290,0,2890,63,38,48,214,0,2034,626,10,73890,8230,22542,7657,1778,1040,35563,36,1398,19,1634,599,344,488,548,1060,0,35,207,31,82
2020-09-09,1420,322,1581,53,126,3,10658,905,788,747,555,63,203,4593,7,726,9917,18,40,0,7146,675,9,128539,3,702,56,14,1,43,0,415,9204,62,79,11702,4733,22053,7,114,260,543,119,206,104,22,444,628,13,61,0,1914,10701,5577,770,83,0,64,97,966,2,337,30805,53,99,19,9342,283,293,0,2897,63,38,48,214,0,2044,628,10,75062,8336,22669,7732,1781,1054,35577,38,1412,19,1634,607,346,488,552,1061,0,35,212,31,82
2020-09-10,1420,324,1591,53,130,3,10907,906,797,748,556,63,207,4634,7,732,9917,18,40,0,7193,680,10,129522,3,706,56,14,1,43,0,415,9213,62,79,11781,4733,22275,7,83,262,567,119,208,106,22,448,629,13,61,0,1926,10749,5590,774,83,0,64,98,974,2,337,30819,53,100,19,9345,283,297,0,2918,63,39,49,215,0,2049,630,10,76271,8456,22798,7814,1781,1077,35587,40,1416,20,1634,612,350,488,556,1061,0,35,219,31,82
2020-09-11,1420,327,1599,53,131,3,11148,909,803,750,557,65,208,4668,7,738,9919,19,40,0,7250,686,10,130396,3,713,56,14,1,44,0,415,9214,62,79,11850,4733,22518,7,88,262,583,119,211,106,22,450,629,13,61,0,1941,10836,5607,777,83,0,64,98,986,2,337,30901,53,100,19,9348,285,300,0,2929,63,39,52,216,0,2058,631,10,77472,8544,22913,7881,1781,1090,35597,40,1428,21,1634,616,355,488,557,1063,0,35,229,33,82
2020-09-12,1420,330,1605,53,132,3,11263,911,810,754,559,67,211,4702,7,744,9923,19,40,0,7297,690,10,131210,3,717,56,16,1,44,0,415,9220,62,80,11895,4734,22734,7,88,262,590,119,218,108,22,453,630,13,61,0,1953,10864,5627,782,83,0,64,98,996,2,337,30902,53,102,19,9352,286,302,0,2949,63,39,54,219,0,2065,633,10,78586,8650,23029,7941,1783,1103,35603,40,1441,22,1634,619,358,488,558,1063,0,35,239,33,82
2020-09-13,1420,334,1612,53,134,3,11352,916,816,756,562,67,212,4733,7,750,9925,19,40,0,7344,696,10,131625,3,720,56,24,1,44,0,415,9220,62,80,11949,4734,22924,7,88,264,590,120,224,108,22,456,631,13,61,0,1968,10903,5648,785,83,0,64,98,1013,2,337,30903,53,103,19,9354,286,305,0,2957,63,39,56,219,0,2079,637,10,79722,8723,23157,8014,1784,1119,35610,42,1448,24,1634,622,363,488,560,1063,0,35,241,33,82
